,GEOID,NAME,state_po,acs_year,population,median_age,white_nonhispanic,black_nonhispanic,hispanic,hispanic_mexican,hispanic_puerto_rican,hispanic_cuban,hispanic_honduran,hispanic_venezuelan,hispanic_salvadoran,hispanic_nicaraguan,hispanic_guatemalan,hispanic_dominican,asian,native_american,native_hawaiian_pacific,median_household_income,per_capita_income,poverty_universe,below_poverty,education_25plus,election_year,unemployment_rate,white_nonhispanic_pct,black_pct,hispanic_pct,hispanic_mexican_pct,hispanic_puerto_rican_pct,hispanic_cuban_pct,hispanic_honduran_pct,hispanic_venezuelan_pct,hispanic_salvadoran_pct,hispanic_nicaraguan_pct,hispanic_guatemalan_pct,hispanic_dominican_pct,asian_pct,native_american_pct,native_hawaiian_pacific_pct,poverty_pct,hs_or_higher,bachelors_or_higher,hs_or_higher_pct,bachelors_or_higher_pct,dem_votes,rep_votes,two_party_votes,dem_share,rep_share,dem_margin,winner_party,dem_pct,rep_pct,previous_dem_pct,previous_rep_pct,dem_shift,rep_shift,margin_shift
1,2016,"Aleutians West Census Area, Alaska",AK,2011,5488,41.5,1834,361,641,466,14,2,0,0,45,3,0,29,1373,921,131,75179,31188,5193,606,4236,2012,6,33.41836735,6.577988338,11.68002915,8.491253644,0.255102041,0.036443149,0,0,0.819970845,0.054664723,0,0.528425656,25.01822157,16.78206997,2.387026239,11.66955517,3344,469,78.94239849,11.07176582,777,426,1203,0.645885287,0.354114713,0.291770574,Democratic,64.58852868,35.41147132,48.65702479,51.34297521,15.93150388,-15.93150388,31.86300777
2,2060,"Bristol Bay Borough, Alaska",AK,2011,1035,41.9,536,1,45,41,0,0,0,0,0,0,0,0,2,318,5,80000,35981,1030,62,695,2012,9.1,51.78743961,0.096618357,4.347826087,3.961352657,0,0,0,0,0,0,0,0,0.193236715,30.72463768,0.483091787,6.019417476,634,136,91.22302158,19.56834532,153,266,419,0.365155131,0.634844869,-0.269689737,Republican,36.51551313,63.48448687,27.73195876,72.26804124,8.783554364,-8.783554364,17.56710873
3,2188,"Northwest Arctic Borough, Alaska",AK,2011,7532,25.8,876,26,88,52,19,0,0,0,0,0,0,0,91,5955,9,59893,21751,7464,1465,3873,2012,15.8,11.63037706,0.34519384,1.16834838,0.690387679,0.252257037,0,0,0,0,0,0,0,1.208178439,79.06266596,0.119490175,19.62754555,3078,473,79.47327653,12.21275497,1310,610,1920,0.682291667,0.317708333,0.364583333,Democratic,68.22916667,31.77083333,41.74454829,58.25545171,26.48461838,-26.48461838,52.96923676
4,2050,"Bethel Census Area, Alaska",AK,2011,16973,25.9,1901,77,226,196,0,9,0,0,0,0,21,0,178,13759,4,52063,18392,16629,3299,8782,2012,15.3,11.2001414,0.453661698,1.331526542,1.154775231,0,0.053025393,0,0,0,0,0.123725918,0,1.048724445,81.06404289,0.023566841,19.83883577,6956,1097,79.20746982,12.4914598,3415,1121,4536,0.752865961,0.247134039,0.505731922,Democratic,75.28659612,24.71340388,54.49790795,45.50209205,20.78868817,-20.78868817,41.57737634
5,2220,"Sitka City and Borough, Alaska",AK,2011,8879,38.8,5693,34,444,332,37,0,0,0,0,0,0,0,379,1629,0,69798,32451,8603,590,5893,2012,6.2,64.11758081,0.382926005,5.000563126,3.739159815,0.416713594,0,0,0,0,0,0,0,4.268498705,18.34666066,0,6.858072765,5474,2047,92.88986934,34.73612761,2340,1832,4172,0.560882071,0.439117929,0.121764142,Democratic,56.08820709,43.91179291,52.57731959,47.42268041,3.510887507,-3.510887507,7.021775015
6,2130,"Ketchikan Gateway Borough, Alaska",AK,2011,13417,37.9,8936,61,579,316,117,0,0,0,19,43,0,0,748,1968,0,57243,29998,12921,1234,8992,2012,8.8,66.602072,0.45464709,4.315420735,2.355220988,0.872028024,0,0,0,0.141611389,0.320488932,0,0,5.57501677,14.66795856,0,9.550344401,8364,2215,93.01601423,24.63300712,2262,3266,5528,0.40918958,0.59081042,-0.181620839,Republican,40.91895803,59.08104197,39.42208462,60.57791538,1.496873409,-1.496873409,2.993746817
7,2170,"Matanuska-Susitna Borough, Alaska",AK,2011,86817,34.9,72082,859,3278,2032,309,9,6,59,8,25,31,0,1056,4045,180,70343,29292,85390,8244,54289,2012,9.4,83.02751765,0.989437553,3.775758204,2.340555421,0.355921075,0.010366633,0.006911089,0.06795904,0.009214785,0.028796204,0.035707292,0,1.216351636,4.659225728,0.207332665,9.654526291,50090,11358,92.26546814,20.92136529,9318,27341,36659,0.25418042,0.74581958,-0.491639161,Republican,25.41804195,74.58195805,23.51129363,76.48870637,1.90674832,-1.90674832,3.813496639
8,2070,"Dillingham Census Area, Alaska",AK,2011,4845,29.1,899,16,107,94,5,0,0,0,0,0,0,0,47,3272,21,57681,22603,4813,948,2676,2012,10.8,18.55521156,0.330237358,2.208462332,1.940144479,0.103199174,0,0,0,0,0,0,0,0.970072239,67.53353973,0.433436533,19.69665489,2206,514,82.43647235,19.2077728,971,602,1573,0.617291799,0.382708201,0.234583598,Democratic,61.72917991,38.27082009,44,56,17.72917991,-17.72917991,35.45835982
9,2100,"Haines Borough, Alaska",AK,2011,2519,44,2032,5,31,11,0,0,0,0,0,0,0,0,22,211,0,51667,30090,2489,147,1869,2012,10.2,80.66693132,0.198491465,1.230647082,0.436681223,0,0,0,0,0,0,0,0,0.873362445,8.376339817,0,5.90598634,1776,590,95.02407705,31.56768325,597,627,1224,0.487745098,0.512254902,-0.024509804,Republican,48.7745098,51.2254902,46.98544699,53.01455301,1.789062818,-1.789062818,3.578125637
10,2110,"Juneau City and Borough, Alaska",AK,2011,31244,38.6,21153,240,1666,991,144,161,0,0,0,0,5,3,1687,3538,215,77465,37294,30654,1946,20975,2012,5.7,67.7025989,0.768147484,5.332223787,3.171808987,0.460888491,0.515298937,0,0,0,0,0.016003073,0.009601844,5.399436692,11.32377416,0.688132121,6.348274287,20116,7631,95.90464839,36.38140644,9253,6109,15362,0.602330426,0.397669574,0.204660851,Democratic,60.23304257,39.76695743,57.95454545,42.04545455,2.278497118,-2.278497118,4.556994236
11,2164,"Lake and Peninsula Borough, Alaska",AK,2011,1540,31.2,468,7,77,68,4,0,0,0,0,0,0,0,17,903,7,51429,21210,1535,323,877,2012,15.4,30.38961039,0.454545455,5,4.415584416,0.25974026,0,0,0,0,0,0,0,1.103896104,58.63636364,0.454545455,21.04234528,759,174,86.54503991,19.84036488,212,146,358,0.592178771,0.407821229,0.184357542,Democratic,59.21787709,40.78212291,38.25363825,61.74636175,20.96423884,-20.96423884,41.92847768
12,2290,"Yukon-Koyukuk Census Area, Alaska",AK,2011,5613,35.3,1226,4,80,53,1,0,0,0,1,0,0,14,35,3823,25,35335,19923,5555,1280,3491,2012,18.8,21.84215215,0.071263139,1.425262783,0.944236594,0.017815785,0,0,0,0.017815785,0,0,0.249420987,0.623552467,68.10974523,0.44539462,23.04230423,2784,352,79.74792323,10.08307075,1467,808,2275,0.644835165,0.355164835,0.28967033,Democratic,64.48351648,35.51648352,45.76446281,54.23553719,18.71905367,-18.71905367,37.43810735
13,2020,"Anchorage Municipality, Alaska",AK,2011,287390,33,181797,15844,21645,11689,3293,541,343,99,509,69,217,1477,22013,18720,5520,75485,35580,281124,22045,180063,2012,6.1,63.25794217,5.513065869,7.531577299,4.067295313,1.145829709,0.188245938,0.119350012,0.034447963,0.177111243,0.024009186,0.075507151,0.513935767,7.659626292,6.513796583,1.92073489,7.84173532,165819,58188,92.08943536,32.31535629,54074,66341,120415,0.449063655,0.550936345,-0.10187269,Republican,44.90636549,55.09363451,41.86284545,58.13715455,3.043520041,-3.043520041,6.087040082
14,2068,"Denali Borough, Alaska",AK,2011,1770,42.8,1481,18,75,75,0,0,0,0,0,0,0,0,68,50,0,82898,38804,1579,144,1304,2012,14,83.67231638,1.016949153,4.237288136,4.237288136,0,0,0,0,0,0,0,0,3.84180791,2.824858757,0,9.11969601,1184,315,90.79754601,24.15644172,410,482,892,0.459641256,0.540358744,-0.080717489,Republican,45.96412556,54.03587444,47.10743802,52.89256198,-1.143312456,1.143312456,-2.286624912
15,2105,"Hoonah-Angoon Census Area, Alaska",AK,2011,2029,47,978,9,117,65,6,0,0,0,8,0,5,0,27,716,10,49545,28398,2017,302,1577,2012,15.4,48.20108428,0.44356826,5.766387383,3.203548546,0.295712173,0,0,0,0.394282898,0,0.246426811,0,1.330704781,35.28831937,0.492853622,14.97273178,1421,440,90.10779962,27.901078,742,453,1195,0.620920502,0.379079498,0.241841004,Democratic,62.09205021,37.90794979,53.4375,46.5625,8.654550209,-8.654550209,17.30910042
16,2230,"Skagway Municipality, Alaska",AK,2011,1105,40.4,905,10,16,16,0,0,0,0,0,0,0,0,108,14,0,73000,36108,1094,90,793,2012,16.5,81.90045249,0.904977376,1.447963801,1.447963801,0,0,0,0,0,0,0,0,9.773755656,1.266968326,0,8.226691042,753,228,94.95586381,28.75157629,355,187,542,0.65498155,0.34501845,0.3099631,Democratic,65.49815498,34.50184502,59.33831377,40.66168623,6.159841214,-6.159841214,12.31968243
17,2198,"Prince of Wales-Hyder Census Area, Alaska",AK,2011,5541,39.5,2736,7,134,67,4,0,0,0,5,0,5,0,49,2292,17,45513,24902,5505,793,3657,2012,12.6,49.37736871,0.126330987,2.41833604,1.20916802,0.072189136,0,0,0,0.090236419,0,0.090236419,0,0.88431691,41.36437466,0.306803826,14.40508629,3241,589,88.62455565,16.10609789,1297,1044,2341,0.554036736,0.445963264,0.108073473,Democratic,55.40367364,44.59632636,45.08975713,54.91024287,10.31391652,-10.31391652,20.62783303
18,2150,"Kodiak Island Borough, Alaska",AK,2011,13488,31.9,7101,150,1053,583,149,11,0,0,241,0,0,0,2735,2136,19,66326,26720,12997,1485,7998,2012,7.6,52.64679715,1.112099644,7.806939502,4.322360617,1.104685647,0.081553974,0,0,1.786773428,0,0,0,20.27728351,15.83629893,0.140865955,11.42571363,7291,1963,91.16029007,24.54363591,2085,3064,5149,0.404932997,0.595067003,-0.190134007,Republican,40.49329967,59.50670033,34.57172343,65.42827657,5.921576244,-5.921576244,11.84315249
19,2185,"North Slope Borough, Alaska",AK,2011,9088,29.2,2824,47,319,153,75,19,0,0,0,0,0,35,95,5268,71,76667,35423,8956,946,5091,2012,7.8,31.07394366,0.517165493,3.510123239,1.683538732,0.825264085,0.209066901,0,0,0,0,0,0.385123239,1.045334507,57.9665493,0.78125,10.56275123,4222,898,82.93066195,17.63897073,1408,738,2146,0.65610438,0.34389562,0.31220876,Democratic,65.61043802,34.38956198,45.38860104,54.61139896,20.22183699,-20.22183699,40.44367398
20,2090,"Fairbanks North Star Borough, Alaska",AK,2011,96161,30.8,71228,4352,5646,3377,657,90,8,0,49,55,0,252,2536,6705,364,68922,31532,92929,7271,58069,2012,6.6,74.07160907,4.525743285,5.871403168,3.511818721,0.683229168,0.093593037,0.008319381,0,0.050956209,0.057195745,0,0.262060503,2.637243789,6.972681233,0.378531837,7.824252924,54010,16089,93.01003978,27.70669376,14716,23757,38473,0.382502014,0.617497986,-0.234995971,Republican,38.25020144,61.74979856,36.69064748,63.30935252,1.559553958,-1.559553958,3.119107916
21,2180,"Nome Census Area, Alaska",AK,2011,9443,28.1,1526,148,129,86,19,0,0,0,11,0,4,0,85,6806,32,52435,20325,9185,2296,5132,2012,12.6,16.16011861,1.567298528,1.366091285,0.910727523,0.201207243,0,0,0,0.116488404,0,0.04235942,0,0.900137668,72.07455258,0.338875357,24.99727817,4300,804,83.78799688,15.66640686,2252,1077,3329,0.676479423,0.323520577,0.352958847,Democratic,67.64794233,32.35205767,51.64609053,48.35390947,16.00185179,-16.00185179,32.00370358
22,2282,"Yakutat City and Borough, Alaska",AK,2011,731,39.4,276,40,60,60,0,0,0,0,0,0,0,0,9,280,7,74844,37556,729,21,500,2012,11,37.75649795,5.471956224,8.207934337,8.207934337,0,0,0,0,0,0,0,0,1.23119015,38.30369357,0.957592339,2.880658436,469,129,93.8,25.8,170,121,291,0.58419244,0.41580756,0.16838488,Democratic,58.41924399,41.58075601,52.39583333,47.60416667,6.023410653,-6.023410653,12.04682131
23,2240,"Southeast Fairbanks Census Area, Alaska",AK,2011,7000,36.5,5510,163,226,120,79,0,0,0,0,0,0,0,63,637,32,59917,29014,6872,713,4381,2012,12.7,78.71428571,2.328571429,3.228571429,1.714285714,1.128571429,0,0,0,0,0,0,0,0.9,9.1,0.457142857,10.37543655,4022,910,91.80552385,20.77151335,678,2259,2937,0.230847804,0.769152196,-0.538304392,Republican,23.08478039,76.91521961,20.12383901,79.87616099,2.960941379,-2.960941379,5.921882758
24,2013,"Aleutians East Borough, Alaska",AK,2011,3084,39.3,298,486,494,398,23,2,0,0,38,18,0,5,1250,474,26,57083,24387,3080,603,2465,2012,6.3,9.662775616,15.75875486,16.01815824,12.90531777,0.745784695,0.064850843,0,0,1.232166018,0.583657588,0,0.162127108,40.53177691,15.36964981,0.84306096,19.57792208,1971,438,79.95943205,17.76876268,236,296,532,0.443609023,0.556390977,-0.112781955,Republican,44.36090226,55.63909774,31.36645963,68.63354037,12.99444263,-12.99444263,25.98888526
25,2122,"Kenai Peninsula Borough, Alaska",AK,2011,54718,40.8,45470,305,1702,843,10,28,14,13,26,0,8,9,773,4008,93,59256,30256,53327,4860,37142,2012,9.7,83.09879747,0.557403414,3.110493805,1.540626485,0.018275522,0.051171461,0.02558573,0.023758178,0.047516357,0,0.014620417,0.01644797,1.412697833,7.324829124,0.169962352,9.113582238,34307,8597,92.36713155,23.14630338,7720,17156,24876,0.310339283,0.689660717,-0.379321434,Republican,31.03392828,68.96607172,30.6185567,69.3814433,0.415371583,-0.415371583,0.830743167
26,2195,"Petersburg Census Area, Alaska",AK,2011,3831,42.4,2747,74,142,30,3,3,0,0,43,0,0,0,87,400,0,64216,31279,3762,335,2714,2012,8.5,71.70451579,1.931610546,3.70660402,0.783085356,0.078308536,0.078308536,0,0,1.122422344,0,0,0,2.270947533,10.44113808,0,8.904837852,2567,657,94.58364038,24.20781135,774,867,1641,0.47166362,0.52833638,-0.056672761,Republican,47.16636197,52.83363803,42.25206612,57.74793388,4.914295859,-4.914295859,9.828591717
27,2275,"Wrangell City and Borough, Alaska",AK,2011,2353,44.1,1627,21,53,46,0,0,0,0,0,0,0,0,22,415,9,50000,29643,2318,203,1598,2012,7.7,69.14577136,0.892477688,2.252443689,1.954951126,0,0,0,0,0,0,0,0,0.934976626,17.63705907,0.382490438,8.757549612,1444,309,90.36295369,19.33667084,363,739,1102,0.329401089,0.670598911,-0.341197822,Republican,32.94010889,67.05989111,29.02564103,70.97435897,3.914467867,-3.914467867,7.828935735
28,2060,"Bristol Bay Borough, Alaska",AK,2015,970,39.7,518,5,69,35,4,0,0,0,0,2,0,0,7,284,2,79750,38267,958,69,649,2016,8.9,53.40206186,0.515463918,7.113402062,3.608247423,0.412371134,0,0,0,0,0.206185567,0,0,0.721649485,29.27835052,0.206185567,7.202505219,597,130,91.98767334,20.03081664,138,273,411,0.335766423,0.664233577,-0.328467153,Republican,33.57664234,66.42335766,36.51551313,63.48448687,-2.938870791,2.938870791,-5.877741581
29,2150,"Kodiak Island Borough, Alaska",AK,2015,13973,32.4,7186,66,1186,557,65,11,3,0,332,8,0,85,2973,1956,156,70887,30657,13677,1552,8536,2016,4.7,51.42775352,0.472339512,8.487797896,3.986259214,0.465182853,0.078723252,0.021469978,0,2.376010878,0.057253274,0,0.608316038,21.27674801,13.99842553,1.116438846,11.34751773,7715,2107,90.3819119,24.6836926,1982,3043,5025,0.394427861,0.605572139,-0.211144279,Republican,39.44278607,60.55721393,40.49329967,59.50670033,-1.0505136,1.0505136,-2.1010272
30,2050,"Bethel Census Area, Alaska",AK,2015,17776,26.7,2016,142,325,269,29,0,7,0,0,0,8,0,209,14415,71,51012,17746,17325,4364,9444,2016,13.9,11.34113411,0.798829883,1.828307831,1.513276328,0.163141314,0,0.039378938,0,0,0,0.0450045,0,1.175742574,81.09248425,0.399414941,25.18903319,7457,1100,78.96018636,11.64760695,2691,1091,3782,0.711528292,0.288471708,0.423056584,Democratic,71.15282919,28.84717081,75.28659612,24.71340388,-4.133766929,4.133766929,-8.267533858
31,2185,"North Slope Borough, Alaska",AK,2015,9667,33.9,3112,64,350,275,15,0,0,0,0,0,16,14,515,4645,537,72576,51085,9539,976,6283,2016,5.5,32.19199338,0.662046136,3.620564808,2.844729492,0.155167063,0,0,0,0,0,0.165511534,0.144822592,5.327402503,48.05006724,5.554980863,10.23168047,5575,876,88.73149769,13.94238421,1083,804,1887,0.573926868,0.426073132,0.147853736,Democratic,57.3926868,42.6073132,65.61043802,34.38956198,-8.21775122,8.21775122,-16.43550244
32,2090,"Fairbanks North Star Borough, Alaska",AK,2015,99705,30.4,71649,4340,7356,3593,1736,152,0,0,85,74,92,159,2621,6288,633,71068,33244,95849,7752,60737,2016,5.3,71.86098992,4.352840881,7.377764405,3.603630711,1.741136352,0.152449727,0,0,0.085251492,0.074218946,0.092272203,0.159470438,2.628754827,6.306604483,0.634872875,8.087721312,57349,19280,94.42185159,31.74341834,13483,22023,35506,0.379738636,0.620261364,-0.240522729,Republican,37.97386357,62.02613643,38.25020144,61.74979856,-0.276337868,0.276337868,-0.552675735
33,2170,"Matanuska-Susitna Borough, Alaska",AK,2015,96178,34.6,77677,959,4292,2580,454,67,21,48,46,25,45,9,1386,5072,247,72983,29913,94286,9454,60694,2016,7.4,80.76379214,0.997109526,4.462559005,2.682526149,0.472041423,0.069662501,0.021834515,0.049907463,0.047827986,0.02599347,0.046788247,0.009357649,1.441078001,5.273555283,0.256815488,10.02693931,55992,12588,92.25294098,20.74010611,8531,31701,40232,0.212045138,0.787954862,-0.575909724,Republican,21.20451382,78.79548618,25.41804195,74.58195805,-4.213528134,4.213528134,-8.427056269
34,2180,"Nome Census Area, Alaska",AK,2015,9854,27.8,1630,72,193,75,60,23,0,0,15,0,12,4,119,6913,19,48868,19804,9597,2592,5391,2016,11.5,16.54150599,0.730667749,1.958595494,0.761112239,0.608889791,0.233407753,0,0,0.152222448,0,0.121777958,0.040592653,1.207631419,70.15425208,0.1928151,27.00844014,4560,759,84.58542014,14.07902059,1667,928,2595,0.64238921,0.35761079,0.28477842,Democratic,64.238921,35.761079,67.64794233,32.35205767,-3.409021323,3.409021323,-6.818042646
35,2100,"Haines Borough, Alaska",AK,2015,2560,45.5,2037,1,39,14,0,0,0,0,11,0,0,13,77,164,0,58750,33902,2554,135,1934,2016,9.5,79.5703125,0.0390625,1.5234375,0.546875,0,0,0,0,0.4296875,0,0,0.5078125,3.0078125,6.40625,0,5.285826155,1845,689,95.39813857,35.62564633,721,656,1377,0.523602033,0.476397967,0.047204067,Democratic,52.36020334,47.63979666,48.7745098,51.2254902,3.585693537,-3.585693537,7.171387073
36,2282,"Yakutat City and Borough, Alaska",AK,2015,643,42.5,253,9,17,17,0,0,0,0,0,0,0,0,43,213,8,72500,33159,643,35,438,2016,8.5,39.34681182,1.399688958,2.643856921,2.643856921,0,0,0,0,0,0,0,0,6.687402799,33.12597201,1.244167963,5.443234837,414,67,94.52054795,15.29680365,162,136,298,0.543624161,0.456375839,0.087248322,Democratic,54.36241611,45.63758389,58.41924399,41.58075601,-4.056827879,4.056827879,-8.113655758
37,2164,"Lake and Peninsula Borough, Alaska",AK,2015,1474,31.1,310,8,32,32,0,0,0,0,0,0,0,0,47,1012,10,50781,23041,1467,247,858,2016,12.1,21.0312076,0.542740841,2.170963365,2.170963365,0,0,0,0,0,0,0,0,3.188602442,68.65671642,0.678426052,16.83708248,749,111,87.2960373,12.93706294,193,172,365,0.528767123,0.471232877,0.057534247,Democratic,52.87671233,47.12328767,59.21787709,40.78212291,-6.341164766,6.341164766,-12.68232953
38,2240,"Southeast Fairbanks Census Area, Alaska",AK,2015,7029,35.8,5389,80,336,147,118,0,0,0,0,0,0,5,101,742,33,62670,30079,6960,1011,4450,2016,10.3,76.66808934,1.138141983,4.780196329,2.091335894,1.678759425,0,0,0,0,0,0,0.071133874,1.436904254,10.55626689,0.469483568,14.52586207,4100,797,92.13483146,17.91011236,656,2419,3075,0.213333333,0.786666667,-0.573333333,Republican,21.33333333,78.66666667,23.08478039,76.91521961,-1.751447055,1.751447055,-3.50289411
39,2020,"Anchorage Municipality, Alaska",AK,2015,299107,32.5,180457,17511,25690,13702,3665,502,594,12,240,9,298,1757,26323,19745,6436,78326,36920,292016,23914,189300,2016,4.9,60.33192135,5.854426677,8.588899625,4.580969352,1.225314018,0.167832916,0.19859114,0.004011942,0.080238844,0.003008957,0.099629898,0.587415206,8.800529576,6.601316586,2.151738341,8.1892773,176024,62840,92.98679345,33.19598521,54101,60993,115094,0.470059256,0.529940744,-0.059881488,Republican,47.00592559,52.99407441,44.90636549,55.09363451,2.099560105,-2.099560105,4.19912021
40,2013,"Aleutians East Borough, Alaska",AK,2015,3304,42.4,495,304,398,292,15,0,0,0,14,5,4,14,1009,979,37,61518,28608,3292,553,2520,2016,3.1,14.98184019,9.200968523,12.04600484,8.837772397,0.453995157,0,0,0,0.423728814,0.151331719,0.121065375,0.423728814,30.53874092,29.63075061,1.119854722,16.79829891,2058,354,81.66666667,14.04761905,169,301,470,0.359574468,0.640425532,-0.280851064,Republican,35.95744681,64.04255319,44.36090226,55.63909774,-8.403455447,8.403455447,-16.80691089
41,2122,"Kenai Peninsula Borough, Alaska",AK,2015,57221,40.5,46738,363,2124,1189,177,20,42,18,79,14,22,18,732,4355,40,63684,31537,55747,5558,39037,2016,7.6,81.67980287,0.634382482,3.711923944,2.07790846,0.309326995,0.034952203,0.073399626,0.031456983,0.138061201,0.024466542,0.038447423,0.031456983,1.279250625,7.610842173,0.069904406,9.970043231,36465,8893,93.41137895,22.78095141,7528,18286,25814,0.2916247,0.7083753,-0.4167506,Republican,29.16246998,70.83753002,31.03392828,68.96607172,-1.871458307,1.871458307,-3.742916614
42,2230,"Skagway Municipality, Alaska",AK,2015,999,43.7,752,0,45,38,0,0,0,0,0,0,0,0,106,61,0,69318,38696,998,44,792,2016,11.1,75.27527528,0,4.504504505,3.803803804,0,0,0,0,0,0,0,0,10.61061061,6.106106106,0,4.408817635,771,284,97.34848485,35.85858586,441,229,670,0.658208955,0.341791045,0.31641791,Democratic,65.82089552,34.17910448,65.49815498,34.50184502,0.322740541,-0.322740541,0.645481082
43,2198,"Prince of Wales-Hyder Census Area, Alaska",AK,2015,6376,39.7,2930,12,205,149,3,0,0,0,10,0,0,0,49,2672,16,48523,25205,6307,921,4300,2016,12.2,45.95357591,0.188205772,3.215181932,2.336888331,0.047051443,0,0,0,0.156838143,0,0,0,0.768506901,41.90715182,0.250941029,14.60282226,3894,667,90.55813953,15.51162791,1070,1295,2365,0.45243129,0.54756871,-0.095137421,Republican,45.24312896,54.75687104,55.40367364,44.59632636,-10.16054468,10.16054468,-20.32108936
44,2195,"Petersburg Borough, Alaska",AK,2015,3221,40.4,2209,97,304,146,20,5,0,0,33,0,0,0,74,194,14,67935,34884,3199,327,2172,2016,8.7,68.58118597,3.011487116,9.438062713,4.532753803,0.620925179,0.155231295,0,0,1.024526545,0,0,0,2.297423161,6.022974232,0.434647625,10.22194436,2041,550,93.96869245,25.32228361,563,913,1476,0.381436314,0.618563686,-0.237127371,Republican,38.14363144,61.85636856,47.16636197,52.83363803,-9.022730538,9.022730538,-18.04546108
45,2158,"Kusilvak Census Area, Alaska",AK,2015,7914,23,353,28,81,58,0,0,0,0,0,0,0,0,35,6965,4,38229,11569,7874,2622,3698,2016,22.5,4.460449836,0.353803386,1.023502654,0.732878443,0,0,0,0,0,0,0,0,0.442254233,88.00859237,0.050543341,33.2994666,2866,185,77.50135208,5.002704164,1191,391,1582,0.752844501,0.247155499,0.505689001,Democratic,75.28445006,24.71554994,82.06730769,17.93269231,-6.782857629,6.782857629,-13.56571526
46,2016,"Aleutians West Census Area, Alaska",AK,2015,5684,36.8,1578,269,623,463,10,6,0,0,49,0,18,18,2112,738,141,84306,31754,5510,499,3908,2016,3.7,27.76213934,4.732582688,10.96059113,8.145672062,0.175932442,0.105559465,0,0,0.862068966,0,0.316678395,0.316678395,37.15693174,12.98381422,2.480647431,9.056261343,3281,576,83.95598772,14.73899693,690,395,1085,0.6359447,0.3640553,0.271889401,Democratic,63.59447005,36.40552995,64.58852868,35.41147132,-0.994058632,0.994058632,-1.988117264
47,2188,"Northwest Arctic Borough, Alaska",AK,2015,7732,26.1,916,25,142,98,1,0,0,0,21,0,0,0,59,6343,2,63648,21101,7651,1824,4025,2016,15.5,11.84687015,0.323331609,1.836523539,1.267459907,0.012933264,0,0,0,0.271598551,0,0,0,0.763062597,82.03569581,0.025866529,23.84002091,3166,427,78.65838509,10.60869565,1144,551,1695,0.674926254,0.325073746,0.349852507,Democratic,67.49262537,32.50737463,68.22916667,31.77083333,-0.736541298,0.736541298,-1.473082596
48,2220,"Sitka City and Borough, Alaska",AK,2015,8943,38.9,5606,97,540,278,66,10,0,0,0,0,0,0,526,1317,30,70376,33890,8820,798,6173,2016,4.4,62.68589959,1.08464721,6.038242201,3.10857654,0.73800738,0.1118193,0,0,0,0,0,0,5.881695181,14.72660181,0.3354579,9.047619048,5727,1924,92.77498785,31.16798963,2125,1813,3938,0.539614017,0.460385983,0.079228035,Democratic,53.96140173,46.03859827,56.08820709,43.91179291,-2.126805368,2.126805368,-4.253610736
49,2130,"Ketchikan Gateway Borough, Alaska",AK,2015,13699,38.7,8903,58,663,322,94,13,0,3,9,15,31,0,1001,1960,7,64222,32021,13514,1640,9320,2016,6.7,64.99014527,0.423388569,4.839769326,2.350536536,0.686181473,0.094897438,0,0.021899409,0.065698226,0.109497044,0.22629389,0,7.307102708,14.30761369,0.05109862,12.13556312,8562,2217,91.86695279,23.78755365,1968,3453,5421,0.363032651,0.636967349,-0.273934698,Republican,36.30326508,63.69673492,40.91895803,59.08104197,-4.615692952,4.615692952,-9.231385903
50,2070,"Dillingham Census Area, Alaska",AK,2015,4979,29.7,881,17,144,107,14,0,0,0,0,0,0,0,72,3619,1,54173,22257,4945,894,2829,2016,9.3,17.69431613,0.341434023,2.892147017,2.149025909,0.28118096,0,0,0,0,0,0,0,1.446073509,72.68527817,0.020084354,18.07886754,2448,459,86.53234358,16.22481442,976,648,1624,0.600985222,0.399014778,0.201970443,Democratic,60.09852217,39.90147783,61.72917991,38.27082009,-1.630657744,1.630657744,-3.261315487
51,2110,"Juneau City and Borough, Alaska",AK,2015,32531,37,21476,413,1985,1018,187,84,4,0,17,114,19,6,2216,4017,354,85746,39979,31940,2110,22269,2016,4.6,66.01702991,1.269558267,6.10187206,3.1293228,0.57483631,0.258215241,0.012295964,0,0.052257846,0.35043497,0.058405828,0.018443946,6.811963973,12.3482217,1.088192801,6.606136506,21112,8579,94.80443666,38.52440613,8744,5698,14442,0.605456308,0.394543692,0.210912616,Democratic,60.5456308,39.4543692,60.23304257,39.76695743,0.312588226,-0.312588226,0.625176453
52,2290,"Yukon-Koyukuk Census Area, Alaska",AK,2015,5644,35,1228,17,109,61,16,0,0,0,1,0,0,0,26,3948,0,38491,20698,5586,1252,3543,2016,17.8,21.75761871,0.301204819,1.931254429,1.080793763,0.283486889,0,0,0,0.017717931,0,0,0,0.460666194,69.95038979,0,22.4131758,2914,396,82.2466836,11.17696867,1539,802,2341,0.657411363,0.342588637,0.314822725,Democratic,65.74113627,34.25886373,64.48351648,35.51648352,1.257619783,-1.257619783,2.515239566
53,2068,"Denali Borough, Alaska",AK,2015,2060,35.9,1745,13,54,54,0,0,0,0,0,0,0,0,59,73,0,81544,35315,1999,254,1383,2016,8.4,84.70873786,0.631067961,2.621359223,2.621359223,0,0,0,0,0,0,0,0,2.86407767,3.54368932,0,12.70635318,1317,461,95.22776573,33.33333333,394,585,979,0.402451481,0.597548519,-0.195097038,Republican,40.24514811,59.75485189,45.96412556,54.03587444,-5.71897745,5.71897745,-11.4379549
54,2105,"Hoonah-Angoon Census Area, Alaska",AK,2015,2128,47.8,1049,47,47,20,0,0,0,0,3,0,0,0,56,708,1,52419,30943,2126,252,1615,2016,14.7,49.29511278,2.208646617,2.208646617,0.939849624,0,0,0,0,0.140977444,0,0,0,2.631578947,33.27067669,0.046992481,11.85324553,1460,430,90.40247678,26.625387,746,449,1195,0.624267782,0.375732218,0.248535565,Democratic,62.42677824,37.57322176,62.09205021,37.90794979,0.334728033,-0.334728033,0.669456067
55,2275,"Wrangell City and Borough, Alaska",AK,2015,2387,50.4,1635,5,34,21,6,6,0,0,0,0,0,0,60,414,0,48603,30089,2368,279,1818,2016,7.6,68.49602011,0.209467951,1.42438207,0.879765396,0.251361542,0.251361542,0,0,0,0,0,0,2.513615417,17.34394638,0,11.78209459,1639,361,90.1540154,19.8569857,268,751,1019,0.263002944,0.736997056,-0.473994112,Republican,26.30029441,73.69970559,32.94010889,67.05989111,-6.639814487,6.639814487,-13.27962897
56,2016,"Aleutians West Census Area, Alaska",AK,2020,5708,39.7,1323,167,789,492,8,131,0,0,15,16,22,11,2338,615,170,87443,44164,5419,412,4208,2020,3.2,23.1779958,2.92571829,13.82270498,8.61948143,0.14015417,2.295024527,0,0,0.262789068,0.280308339,0.385423966,0.192711983,40.96005606,10.77435179,2.978276104,7.60287876,3863,716,91.8013308,17.01520913,692,551,1243,0.556717619,0.443282381,0.113435237,Democratic,55.67176187,44.32823813,63.59447005,36.40552995,-7.92270818,7.92270818,-15.84541636
57,2020,"Anchorage Municipality, Alaska",AK,2020,292090,33.9,165727,15507,27411,14483,4040,669,169,190,473,132,115,1696,28672,21921,8332,84813,41127,285133,25231,192345,2020,4.6,56.73833408,5.308980109,9.384436304,4.958403232,1.383135335,0.229038995,0.057858879,0.065048444,0.161936389,0.045191551,0.039371427,0.580642953,9.816152556,7.504878633,2.852545448,8.848852991,180790,70359,93.99256544,36.57958356,70992,68234,139226,0.509904759,0.490095241,0.019809518,Democratic,50.99047592,49.00952408,47.00592559,52.99407441,3.984550326,-3.984550326,7.969100651
58,2060,"Bristol Bay Borough, Alaska",AK,2020,739,44.8,354,4,75,29,28,0,0,0,0,0,0,0,17,225,9,79808,46950,713,36,561,2020,5.6,47.90257104,0.541271989,10.1488498,3.924221922,3.788903924,0,0,0,0,0,0,0,2.300405954,30.44654939,1.217861976,5.049088359,526,145,93.76114082,25.84670232,193,304,497,0.38832998,0.61167002,-0.22334004,Republican,38.83299799,61.16700201,33.57664234,66.42335766,5.256355652,-5.256355652,10.5127113
59,2063,"Chugach Census Area, Alaska",AK,2020,6495,39.2,4764,72,365,201,42,0,0,0,0,0,0,0,372,400,62,90776,42592,6375,330,4686,2020,NA,73.34872979,1.108545035,5.619707467,3.094688222,0.64665127,0,0,0,0,0,0,0,5.727482679,6.158583526,0.954580446,5.176470588,4482,1362,95.64660691,29.0653009,1396,1938,3334,0.418716257,0.581283743,-0.162567487,Republican,41.87162567,58.12837433,37.82363977,62.17636023,4.0479859,-4.0479859,8.0959718
60,2068,"Denali Borough, Alaska",AK,2020,2502,43.8,2025,54,37,27,0,0,0,0,0,0,0,0,51,43,0,76364,35873,2441,345,1866,2020,7.7,80.9352518,2.158273381,1.478816946,1.079136691,0,0,0,0,0,0,0,0,2.038369305,1.7186251,0,14.13355182,1824,730,97.74919614,39.12111468,471,636,1107,0.425474255,0.574525745,-0.149051491,Republican,42.54742547,57.45257453,40.24514811,59.75485189,2.302277364,-2.302277364,4.604554728
61,2070,"Dillingham Census Area, Alaska",AK,2020,4934,30.2,736,74,149,114,0,0,0,0,0,0,0,6,20,3652,3,57436,26381,4884,862,2902,2020,7.3,14.91690312,1.499797325,3.019862181,2.310498581,0,0,0,0,0,0,0,0.121605188,0.405350628,74.01702473,0.060802594,17.64946765,2511,563,86.52653343,19.40041351,984,822,1806,0.544850498,0.455149502,0.089700997,Democratic,54.48504983,45.51495017,60.09852217,39.90147783,-5.613472334,5.613472334,-11.22694467
62,2100,"Haines Borough, Alaska",AK,2020,2547,40.9,1837,0,132,132,0,0,0,0,0,0,0,0,45,164,4,65014,30069,2507,317,1663,2020,8.3,72.12406753,0,5.182567727,5.182567727,0,0,0,0,0,0,0,0,1.766784452,6.438947782,0.157047507,12.64459513,1629,460,97.9555021,27.66085388,1574,986,2560,0.61484375,0.38515625,0.2296875,Democratic,61.484375,38.515625,52.36020334,47.63979666,9.124171659,-9.124171659,18.24834332
63,2105,"Hoonah-Angoon Census Area, Alaska",AK,2020,2135,52.1,973,72,198,111,43,0,0,0,4,0,0,0,49,712,0,59926,37200,2134,201,1744,2020,10.4,45.57377049,3.37236534,9.274004684,5.199063232,2.014051522,0,0,0,0.18735363,0,0,0,2.295081967,33.34894614,0,9.418931584,1639,342,93.9793578,19.61009174,1645,578,2223,0.739991003,0.260008997,0.479982006,Democratic,73.99910031,26.00089969,62.42677824,37.57322176,11.57232207,-11.57232207,23.14464414
64,2122,"Kenai Peninsula Borough, Alaska",AK,2020,58809,40.9,46564,380,2497,1564,146,22,67,0,0,0,0,13,976,4649,212,69245,35312,57569,7300,41166,2020,6.3,79.17835705,0.646159601,4.245948749,2.659456886,0.248261321,0.03740924,0.11392814,0,0,0,0,0.02210546,1.659609924,7.905252597,0.360489041,12.68043565,38279,10622,92.98693096,25.80284701,10965,21761,32726,0.335054697,0.664945303,-0.329890607,Republican,33.50546966,66.49453034,29.16246998,70.83753002,4.34299968,-4.34299968,8.685999359
65,2130,"Ketchikan Gateway Borough, Alaska",AK,2020,13833,40,8739,94,758,397,72,55,19,0,10,0,21,0,1145,2034,25,74678,38343,13655,1197,9690,2020,5.7,63.17501627,0.679534447,5.479650112,2.869948673,0.52049447,0.397599942,0.137352707,0,0.072290899,0,0.151810887,0,8.277307887,14.70396877,0.180727246,8.766019773,9097,2467,93.88028896,25.45923633,2467,3985,6452,0.382362058,0.617637942,-0.235275883,Republican,38.23620583,61.76379417,36.30326508,63.69673492,1.932940747,-1.932940747,3.865881495
66,2158,"Kusilvak Census Area, Alaska",AK,2020,8298,24.1,270,39,94,61,0,0,0,0,0,0,0,33,11,7715,6,37358,14109,8223,3113,4046,2020,18.2,3.253796095,0.469992769,1.132803085,0.735116896,0,0,0,0,0,0,0,0.397686189,0.132562063,92.97421065,0.07230658,37.85722972,3179,132,78.57142857,3.262481463,1209,569,1778,0.679977503,0.320022497,0.359955006,Democratic,67.99775028,32.00224972,75.28445006,24.71554994,-7.286699782,7.286699782,-14.57339956
67,2170,"Matanuska-Susitna Borough, Alaska",AK,2020,107360,35.5,84183,1472,5602,2804,905,305,64,38,41,35,7,89,1574,6494,317,76118,31963,105257,10826,69850,2020,6.3,78.41188525,1.371087928,5.217958271,2.611773472,0.842958271,0.284090909,0.059612519,0.035394933,0.03818927,0.032600596,0.006520119,0.082898659,1.46609538,6.04880775,0.295268256,10.28530169,65351,15297,93.55905512,21.89978525,12849,38492,51341,0.250267817,0.749732183,-0.499464366,Republican,25.02678171,74.97321829,21.20451382,78.79548618,3.822267895,-3.822267895,7.644535789
68,2180,"Nome Census Area, Alaska",AK,2020,10009,28.4,1434,74,195,146,7,5,0,3,27,0,0,0,266,7661,2,62843,24613,9592,2151,5525,2020,10.2,14.3271056,0.739334599,1.948246578,1.458687182,0.069937057,0.04995504,0,0.029973024,0.269757219,0,0,0,2.657608153,76.541113,0.019982016,22.42493745,4752,937,86.00904977,16.95927602,2131,1287,3418,0.623464014,0.376535986,0.246928028,Democratic,62.3464014,37.6535986,64.238921,35.761079,-1.892519598,1.892519598,-3.785039195
69,2188,"Northwest Arctic Borough, Alaska",AK,2020,7709,28.5,808,78,191,150,13,8,0,0,5,0,0,7,91,6312,8,63750,25601,7645,1773,4251,2020,13.1,10.48125568,1.011804384,2.477623557,1.945777662,0.168634064,0.103774809,0,0,0.064859255,0,0,0.090802958,1.180438449,81.87832404,0.103774809,23.19162852,3593,639,84.52128911,15.03175723,1031,735,1766,0.58380521,0.41619479,0.167610419,Democratic,58.38052095,41.61947905,67.49262537,32.50737463,-9.112104417,9.112104417,-18.22420883
70,2195,"Petersburg Borough, Alaska",AK,2020,3278,48.8,1983,66,254,65,15,6,0,0,128,1,0,2,476,225,6,68667,34296,3266,160,2483,2020,8.1,60.49420378,2.013422819,7.748627212,1.982916412,0.457596095,0.183038438,0,0,3.904820012,0.030506406,0,0.061012813,14.52104942,6.863941428,0.183038438,4.898958971,2215,634,89.20660491,25.53362867,534,1002,1536,0.34765625,0.65234375,-0.3046875,Republican,34.765625,65.234375,38.14363144,61.85636856,-3.378006436,3.378006436,-6.756012873
71,2220,"Sitka City and Borough, Alaska",AK,2020,8569,39.1,5266,54,592,460,17,20,0,0,0,31,1,0,655,987,14,81708,41082,8383,551,6121,2020,3.8,61.45407866,0.630178551,6.90862411,5.368187653,0.198389544,0.233399463,0,0,0,0.361769168,0.011669973,0,7.643832419,11.51826351,0.163379624,6.572825957,5830,2095,95.24587486,34.22643359,2124,1745,3869,0.548979064,0.451020936,0.097958129,Democratic,54.89790644,45.10209356,53.96140173,46.03859827,0.936504709,-0.936504709,1.873009418
72,2230,"Skagway Municipality, Alaska",AK,2020,1300,40.9,996,58,52,37,0,0,0,0,0,0,0,11,34,59,0,71875,41842,1298,75,1051,2020,9.2,76.61538462,4.461538462,4,2.846153846,0,0,0,0,0,0,0,0.846153846,2.615384615,4.538461538,0,5.778120185,930,254,88.48715509,24.16745956,679,217,896,0.7578125,0.2421875,0.515625,Democratic,75.78125,24.21875,65.82089552,34.17910448,9.960354478,-9.960354478,19.92070896
73,2275,"Wrangell City and Borough, Alaska",AK,2020,2510,47.8,1615,8,99,78,1,13,0,0,1,0,0,0,43,571,32,58438,32159,2487,200,1877,2020,7,64.34262948,0.3187251,3.944223108,3.107569721,0.039840637,0.517928287,0,0,0.039840637,0,0,0,1.71314741,22.74900398,1.274900398,8.041817451,1657,317,88.27916889,16.8886521,396,827,1223,0.323793949,0.676206051,-0.352412101,Republican,32.37939493,67.62060507,26.30029441,73.69970559,6.079100524,-6.079100524,12.15820105
74,2282,"Yakutat City and Borough, Alaska",AK,2020,597,36.3,193,34,93,75,0,0,0,0,0,0,0,0,50,172,2,59517,32861,597,40,428,2020,6.8,32.32830821,5.695142379,15.57788945,12.56281407,0,0,0,0,0,0,0,0,8.37520938,28.81072027,0.335008375,6.700167504,404,77,94.39252336,17.99065421,160,133,293,0.546075085,0.453924915,0.092150171,Democratic,54.60750853,45.39249147,54.36241611,45.63758389,0.245092425,-0.245092425,0.49018485
75,2290,"Yukon-Koyukuk Census Area, Alaska",AK,2020,5305,35.3,1132,5,132,89,24,0,0,0,0,0,0,0,32,3703,2,41728,24587,5250,1242,3398,2020,13.1,21.33836004,0.094250707,2.488218662,1.677662582,0.452403393,0,0,0,0,0,0,0,0.603204524,69.80207352,0.037700283,23.65714286,2990,450,87.99293702,13.24308417,1740,965,2705,0.643253235,0.356746765,0.28650647,Democratic,64.32532348,35.67467652,65.74113627,34.25886373,-1.415812792,1.415812792,-2.831625583
76,2013,"Aleutians East Borough, Alaska",AK,2020,3389,44.1,450,129,296,164,20,0,0,0,0,0,0,81,815,1382,11,75833,36973,3379,412,2646,2020,2.4,13.27825317,3.806432576,8.734139864,4.8391856,0.590144585,0,0,0,0,0,0,2.390085571,24.04839186,40.77899085,0.324579522,12.1929565,2292,438,86.62131519,16.55328798,180,336,516,0.348837209,0.651162791,-0.302325581,Republican,34.88372093,65.11627907,35.95744681,64.04255319,-1.073725878,1.073725878,-2.147451757
77,2050,"Bethel Census Area, Alaska",AK,2020,18263,28.1,1719,145,354,118,5,0,0,0,0,2,64,1,212,15194,45,54400,21392,17874,5111,9841,2020,11.9,9.412473307,0.793954991,1.938345288,0.646115096,0.027377758,0,0,0,0,0.010951103,0.350435306,0.005475552,1.160816952,83.19553195,0.246399825,28.59460669,8213,1115,83.45696576,11.33014938,3085,1670,4755,0.648790747,0.351209253,0.297581493,Democratic,64.87907466,35.12092534,71.15282919,28.84717081,-6.273754533,6.273754533,-12.54750907
78,2066,"Copper River Census Area, Alaska",AK,2020,2894,39.7,1645,5,124,123,0,0,0,0,1,0,0,0,16,824,0,64745,33776,2876,268,1880,2020,NA,56.84174153,0.172771251,4.284727021,4.250172771,0,0,0,0,0.03455425,0,0,0,0.552868003,28.47270214,0,9.318497914,1794,593,95.42553191,31.54255319,480,1130,1610,0.298136646,0.701863354,-0.403726708,Republican,29.8136646,70.1863354,22.40773286,77.59226714,7.405931732,-7.405931732,14.81186346
79,2090,"Fairbanks North Star Borough, Alaska",AK,2020,98455,31.5,67691,4628,8056,4432,1459,190,7,23,145,0,47,237,3219,7615,558,76464,38031,94212,6167,61724,2020,4.9,68.75323752,4.700624651,8.182418364,4.501548931,1.481895282,0.192981565,0.007109847,0.023360926,0.147275405,0,0.047737545,0.24071911,3.269513991,7.734497994,0.566756386,6.54587526,58299,19954,94.45110492,32.32778174,18056,24861,42917,0.420719062,0.579280938,-0.158561875,Republican,42.07190624,57.92809376,37.97386357,62.02613643,4.098042665,-4.098042665,8.196085331
80,2110,"Juneau City and Borough, Alaska",AK,2020,32099,38.5,20366,278,2223,1086,337,72,0,0,12,80,4,41,2186,3233,373,88077,43074,31633,2197,22607,2020,4.1,63.44745942,0.866070594,6.925449391,3.383282968,1.049876943,0.224306053,0,0,0.037384342,0.249228948,0.012461447,0.127729836,6.810181003,10.07196486,1.16202997,6.945278665,21756,8769,96.23567921,38.7888707,10356,6217,16573,0.624871779,0.375128221,0.249743559,Democratic,62.48717794,37.51282206,60.5456308,39.4543692,1.941547141,-1.941547141,3.883094282
81,2150,"Kodiak Island Borough, Alaska",AK,2020,13383,34.7,6395,67,1211,718,62,28,0,0,184,0,0,42,3060,1664,31,79173,32495,13137,961,8902,2020,5.1,47.78450273,0.500635134,9.048793245,5.365015318,0.463274303,0.209220653,0,0,1.374878577,0,0,0.31383098,22.86482851,12.43368453,0.231637152,7.315216564,7973,2652,89.56414289,29.79105819,2623,3756,6379,0.411192977,0.588807023,-0.177614046,Republican,41.1192977,58.8807023,39.44278607,60.55721393,1.676511626,-1.676511626,3.353023252
82,2164,"Lake and Peninsula Borough, Alaska",AK,2020,1156,32.9,279,80,3,2,1,0,0,0,0,0,0,0,26,679,3,48750,24983,1144,177,718,2020,9.3,24.1349481,6.920415225,0.259515571,0.173010381,0.08650519,0,0,0,0,0,0,0,2.249134948,58.73702422,0.259515571,15.47202797,633,166,88.16155989,23.11977716,253,165,418,0.605263158,0.394736842,0.210526316,Democratic,60.52631579,39.47368421,52.87671233,47.12328767,7.649603461,-7.649603461,15.29920692
83,2185,"North Slope Borough, Alaska",AK,2020,9375,34.2,2627,147,381,131,37,13,0,0,61,0,0,18,546,4933,204,79083,45889,9260,869,6187,2020,5.9,28.02133333,1.568,4.064,1.397333333,0.394666667,0.138666667,0,0,0.650666667,0,0,0.192,5.824,52.61866667,2.176,9.384449244,5489,936,88.71828027,15.12849523,1134,1197,2331,0.486486486,0.513513514,-0.027027027,Republican,48.64864865,51.35135135,57.3926868,42.6073132,-8.744038156,8.744038156,-17.48807631
84,2198,"Prince of Wales-Hyder Census Area, Alaska",AK,2020,6338,42.1,2848,35,243,132,5,0,0,0,0,0,0,0,98,2489,40,54018,28652,6280,1156,4458,2020,9.3,44.93531082,0.552224677,3.83401704,2.082675923,0.07888924,0,0,0,0,0,0,0,1.546229094,39.27106343,0.631113916,18.40764331,4069,767,91.27411395,17.20502467,2321,1930,4251,0.545989179,0.454010821,0.091978358,Democratic,54.5989179,45.4010821,45.24312896,54.75687104,9.355788938,-9.355788938,18.71157788
85,2240,"Southeast Fairbanks Census Area, Alaska",AK,2020,6911,36.8,5037,68,453,213,220,0,0,0,0,0,0,0,194,971,14,66941,31885,6822,689,4612,2020,8.2,72.88380842,0.983938649,6.554767762,3.08204312,3.183330922,0,0,0,0,0,0,0,2.807119086,14.05006511,0.202575604,10.09967751,4201,979,91.08846487,21.2272333,748,2823,3571,0.209465136,0.790534864,-0.581069728,Republican,20.94651358,79.05348642,21.33333333,78.66666667,-0.386819752,0.386819752,-0.773639503
86,2013,"Aleutians East Borough, Alaska",AK,2023,3423,41.8,528,206,360,262,17,5,0,0,16,7,15,13,727,1242,32,72692,46293,3402,423,2607,2024,2.1,15.42506573,6.018112767,10.51709027,7.654104587,0.496640374,0.146070698,0,0,0.467426234,0.204498978,0.438212095,0.379783815,21.23867952,36.28396144,0.934852469,12.43386243,2187,473,83.88952819,18.14345992,125,288,413,0.302663438,0.697336562,-0.394673123,Republican,30.26634383,69.73365617,34.88372093,65.11627907,-4.617377105,4.617377105,-9.234754209
87,2016,"Aleutians West Census Area, Alaska",AK,2023,5178,39.1,1229,273,715,575,2,78,4,0,0,0,22,5,2117,481,98,107344,52596,4970,459,3921,2024,3,23.73503283,5.27230591,13.80842024,11.10467362,0.038624952,1.506373117,0.077249903,0,0,0,0.424874469,0.096562379,40.88451139,9.289300888,1.892622634,9.235412475,3548,687,90.48712063,17.52104055,474,469,943,0.502651113,0.497348887,0.005302227,Democratic,50.26511135,49.73488865,55.67176187,44.32823813,-5.40665052,5.40665052,-10.81330104
88,2020,"Anchorage Municipality, Alaska",AK,2023,289069,34.9,159262,15280,26953,12225,4114,1526,347,129,361,37,473,1664,28371,21038,9000,98152,49338,282916,26226,192495,2024,3.4,55.09480435,5.285935192,9.324071415,4.229094092,1.423189619,0.527901643,0.120040544,0.044626024,0.124883678,0.012799712,0.163628753,0.57564111,9.814611736,7.277847158,3.113443503,9.269889296,180961,72530,94.00815606,37.67890075,64781,62925,127706,0.507266691,0.492733309,0.014533381,Democratic,50.72666907,49.27333093,50.99047592,49.00952408,-0.263806849,0.263806849,-0.527613698
89,2050,"Bethel Census Area, Alaska",AK,2023,18487,28.7,1617,213,257,155,4,0,0,0,0,1,76,1,260,15579,38,70616,24976,18105,4351,10181,2024,9.7,8.746686861,1.152160978,1.390166063,0.838427003,0.021636826,0,0,0,0,0.005409206,0.411099692,0.005409206,1.406393682,84.27002759,0.205549846,24.03203535,8341,1058,81.92711914,10.39190649,2181,1622,3803,0.57349461,0.42650539,0.146989219,Democratic,57.34946095,42.65053905,64.87907466,35.12092534,-7.529613706,7.529613706,-15.05922741
90,2060,"Bristol Bay Borough, Alaska",AK,2023,878,39.3,421,5,73,25,37,0,0,0,0,0,0,0,61,213,12,100625,59725,858,83,696,2024,3.7,47.9498861,0.569476082,8.314350797,2.84738041,4.214123007,0,0,0,0,0,0,0,6.9476082,24.25968109,1.366742597,9.673659674,661,175,94.97126437,25.14367816,139,254,393,0.353689567,0.646310433,-0.292620865,Republican,35.36895674,64.63104326,38.83299799,61.16700201,-3.464041245,3.464041245,-6.92808249
91,2063,"Chugach Census Area, Alaska",AK,2023,6964,38.4,5012,96,359,337,5,0,7,0,0,0,0,0,419,321,68,88565,45898,6784,326,4861,2024,4.7,71.97013211,1.378518093,5.155083285,4.839172889,0.071797817,0,0.100516944,0,0,0,0,0,6.016657094,4.609419874,0.976450316,4.805424528,4651,1438,95.67990125,29.58239045,1246,1807,3053,0.408123158,0.591876842,-0.183753685,Republican,40.81231575,59.18768425,41.87162567,58.12837433,-1.05930992,1.05930992,-2.11861984
92,2066,"Copper River Census Area, Alaska",AK,2023,2626,45.5,1398,3,102,80,0,22,0,0,0,0,0,0,14,922,0,75053,38788,2593,295,1841,2024,7.6,53.23686215,0.114242193,3.884234577,3.046458492,0,0.837776085,0,0,0,0,0,0,0.533130236,35.11043412,0,11.37678365,1675,522,90.98316133,28.35415535,359,995,1354,0.265140325,0.734859675,-0.46971935,Republican,26.5140325,73.4859675,29.8136646,70.1863354,-3.2996321,3.2996321,-6.5992642
93,2068,"Denali Borough, Alaska",AK,2023,2029,44.1,1556,21,131,41,8,0,0,0,0,0,0,0,69,57,0,88935,73423,1994,131,1663,2024,6,76.68802366,1.034992607,6.456382454,2.020699852,0.394282898,0,0,0,0,0,0,0,3.400689995,2.809265648,0,6.569709127,1553,393,93.38544799,23.63199038,484,754,1238,0.39095315,0.60904685,-0.2180937,Republican,39.09531502,60.90468498,42.54742547,57.45257453,-3.45211045,3.45211045,-6.9042209
94,2070,"Dillingham Census Area, Alaska",AK,2023,4780,30.9,684,30,164,115,15,0,0,0,0,0,0,5,81,3438,0,74250,34097,4740,774,2863,2024,6.4,14.30962343,0.627615063,3.430962343,2.405857741,0.313807531,0,0,0,0,0,0,0.10460251,1.694560669,71.92468619,0,16.32911392,2501,554,87.35592036,19.35033182,670,763,1433,0.467550593,0.532449407,-0.064898814,Republican,46.75505932,53.24494068,54.48504983,45.51495017,-7.729990518,7.729990518,-15.45998104
95,2090,"Fairbanks North Star Borough, Alaska",AK,2023,95555,32.4,64461,3677,7825,4673,1160,70,15,0,256,59,0,319,2779,6331,578,84722,44666,91890,5669,61207,2024,3.8,67.45957825,3.848045628,8.189001099,4.89037727,1.213960546,0.07325624,0.015697766,0,0.267908534,0.061744545,0,0.33383915,2.908272723,6.625503637,0.604887238,6.169332898,58074,20632,94.88130443,33.70856275,17037,24857,41894,0.406669213,0.593330787,-0.186661574,Republican,40.66692128,59.33307872,42.07190624,57.92809376,-1.40498496,1.40498496,-2.80996992
96,2100,"Haines Borough, Alaska",AK,2023,2077,52.4,1607,5,83,48,0,16,0,0,0,0,0,0,78,109,0,72607,38529,2068,126,1581,2024,6.6,77.37120847,0.240731825,3.996148291,2.311025518,0,0.770341839,0,0,0,0,0,0,3.755416466,5.247953779,0,6.092843327,1555,584,98.35547122,36.93864643,908,791,1699,0.534432019,0.465567981,0.068864038,Democratic,53.44320188,46.55679812,61.484375,38.515625,-8.041173117,8.041173117,-16.08234623
97,2105,"Hoonah-Angoon Census Area, Alaska",AK,2023,2313,51.4,1138,20,250,163,32,21,0,0,0,0,0,0,36,593,4,62500,38180,2313,291,1760,2024,5.6,49.20017294,0.864677907,10.80847384,7.047124946,1.383484652,0.907911803,0,0,0,0,0,0,1.556420233,25.63769996,0.172935581,12.58106355,1646,410,93.52272727,23.29545455,876,548,1424,0.615168539,0.384831461,0.230337079,Democratic,61.51685393,38.48314607,73.99910031,26.00089969,-12.48224638,12.48224638,-24.96449276
98,2110,"Juneau City and Borough, Alaska",AK,2023,31969,39.8,19748,236,2234,1117,134,245,5,12,20,5,3,0,2303,2734,443,100513,51146,31336,2565,22898,2024,3,61.77234196,0.738215146,6.988019644,3.494009822,0.419156057,0.766367418,0.015640151,0.037536363,0.062560606,0.015640151,0.009384091,0,7.203853733,8.552034784,1.385717414,8.185473577,21673,9264,94.65018779,40.45768189,10305,5942,16247,0.634270942,0.365729058,0.268541885,Democratic,63.42709423,36.57290577,62.48717794,37.51282206,0.939916293,-0.939916293,1.879832586
99,2122,"Kenai Peninsula Borough, Alaska",AK,2023,59843,41.5,46602,337,2547,1351,126,98,4,24,6,60,9,88,1100,3835,197,77722,42899,58456,6790,42452,2024,4.7,77.8737697,0.563140217,4.256136892,2.257573985,0.210550942,0.163761843,0.006684157,0.040104941,0.010026235,0.100262353,0.015039353,0.147051451,1.838143141,6.408435406,0.329194726,11.61557411,40036,12477,94.30886648,29.39084142,10347,21861,32208,0.321255589,0.678744411,-0.357488823,Republican,32.12555887,67.87444113,33.50546966,66.49453034,-1.37991079,1.37991079,-2.75982158
100,2130,"Ketchikan Gateway Borough, Alaska",AK,2023,13870,40.8,8522,60,730,400,66,43,0,0,18,0,24,27,1242,1820,28,89155,46608,13697,1300,9985,2024,3.7,61.44196107,0.43258832,5.263157895,2.883922134,0.475847152,0.310021629,0,0,0.129776496,0,0.173035328,0.194664744,8.954578226,13.12184571,0.201874549,9.491129444,9478,2693,94.92238358,26.97045568,2496,3738,6234,0.400384986,0.599615014,-0.199230029,Republican,40.03849856,59.96150144,38.23620583,61.76379417,1.802292729,-1.802292729,3.604585457
101,2150,"Kodiak Island Borough, Alaska",AK,2023,12878,35.4,5928,78,1051,514,48,9,0,0,199,0,37,2,2851,1462,8,83716,40615,12543,966,8456,2024,4.4,46.03199255,0.605684112,8.161205156,3.991302997,0.372728685,0.069886628,0,0,1.545271005,0,0.287311694,0.015530362,22.13853083,11.35269452,0.062121447,7.701506817,7825,2419,92.53784295,28.60690634,2469,3547,6016,0.410405585,0.589594415,-0.17918883,Republican,41.04055851,58.95944149,41.1192977,58.8807023,-0.078739185,0.078739185,-0.15747837
102,2158,"Kusilvak Census Area, Alaska",AK,2023,8277,23.6,254,73,136,136,0,0,0,0,0,0,0,0,24,7157,12,48233,16657,8185,2555,3994,2024,15.1,3.068744714,0.881962064,1.643107406,1.643107406,0,0,0,0,0,0,0,0,0.28996013,86.46852724,0.144980065,31.21563836,3237,230,81.04656985,5.758637957,820,579,1399,0.586132952,0.413867048,0.172265904,Democratic,58.61329521,41.38670479,67.99775028,32.00224972,-9.38445507,9.38445507,-18.76891014
103,2164,"Lake and Peninsula Borough, Alaska",AK,2023,1007,33.4,165,23,11,9,2,0,0,0,0,0,0,0,24,542,0,64000,45228,998,152,652,2024,5.9,16.38530288,2.284011917,1.092353525,0.893743793,0.198609732,0,0,0,0,0,0,0,2.383316783,53.82323734,0,15.23046092,594,120,91.10429448,18.40490798,175,230,405,0.432098765,0.567901235,-0.135802469,Republican,43.20987654,56.79012346,60.52631579,39.47368421,-17.31643925,17.31643925,-34.63287849
104,2170,"Matanuska-Susitna Borough, Alaska",AK,2023,110677,36.6,84590,1420,5748,2832,803,161,96,39,44,108,73,73,1915,6424,439,90625,40945,107815,11111,73088,2024,4.8,76.42961049,1.283012731,5.193490969,2.558797221,0.725534664,0.145468345,0.086738889,0.035237674,0.039755324,0.09758125,0.065957697,0.065957697,1.730260126,5.804277311,0.39664971,10.3056161,68917,17746,94.29318082,24.28031961,13343,40140,53483,0.249481144,0.750518856,-0.501037713,Republican,24.94811435,75.05188565,25.02678171,74.97321829,-0.07866736,0.07866736,-0.157334721
105,2180,"Nome Census Area, Alaska",AK,2023,9925,29.4,1373,103,207,139,5,0,0,0,14,0,0,0,165,7483,0,76643,30047,9587,2026,5547,2024,7.7,13.83375315,1.037783375,2.085642317,1.400503778,0.050377834,0,0,0,0.141057935,0,0,0,1.662468514,75.39546599,0,21.13278398,4915,968,88.60645394,17.45087435,1424,1167,2591,0.549594751,0.450405249,0.099189502,Democratic,54.95947511,45.04052489,62.3464014,37.6535986,-7.386926298,7.386926298,-14.7738526
106,2185,"North Slope Borough, Alaska",AK,2023,10891,35.2,3395,284,578,249,173,23,0,0,22,0,0,24,592,5220,209,86313,60295,10744,897,7302,2024,4.9,31.17252778,2.607657699,5.307134331,2.286291433,1.588467542,0.211183546,0,0,0.202001653,0,0,0.220365439,5.435680837,47.92948306,1.919015701,8.348845867,6585,1090,90.18077239,14.92741715,690,939,1629,0.423572744,0.576427256,-0.152854512,Republican,42.3572744,57.6427256,48.64864865,51.35135135,-6.291374247,6.291374247,-12.58274849
107,2188,"Northwest Arctic Borough, Alaska",AK,2023,7611,28.3,735,43,159,116,22,6,0,0,1,0,0,0,191,6112,21,81298,28467,7519,1384,4084,2024,9.6,9.657075286,0.564971751,2.089081592,1.524109841,0.289055315,0.078833268,0,0,0.013138878,0,0,0,2.509525687,80.30482197,0.275916437,18.40670302,3509,506,85.92066601,12.38981391,648,713,1361,0.4761205,0.5238795,-0.047759001,Republican,47.61204996,52.38795004,58.38052095,41.61947905,-10.76847099,10.76847099,-21.53694198
108,2195,"Petersburg Borough, Alaska",AK,2023,3394,45.7,2007,50,303,193,20,8,0,0,0,3,0,2,446,255,23,77026,42380,3301,188,2466,2024,5.1,59.13376547,1.473187979,8.927519151,5.686505598,0.589275192,0.235710077,0,0,0,0.088391279,0,0.058927519,13.14083677,7.513258692,0.67766647,5.695243865,2234,677,90.59205191,27.45336577,640,970,1610,0.397515528,0.602484472,-0.204968944,Republican,39.7515528,60.2484472,34.765625,65.234375,4.985927795,-4.985927795,9.97185559
109,2198,"Prince of Wales-Hyder Census Area, Alaska",AK,2023,5730,43.7,2510,21,207,109,1,0,0,0,3,0,0,0,106,2141,39,59079,35162,5690,858,4098,2024,6.7,43.80453752,0.366492147,3.612565445,1.902268761,0.017452007,0,0,0,0.052356021,0,0,0,1.84991274,37.36474695,0.680628272,15.07908612,3789,696,92.45973646,16.98389458,1588,1735,3323,0.477881432,0.522118568,-0.044237135,Republican,47.78814324,52.21185676,54.5989179,45.4010821,-6.810774658,6.810774658,-13.62154932
110,2220,"Sitka City and Borough, Alaska",AK,2023,8393,39.6,5022,31,575,357,47,23,1,0,0,9,3,0,623,748,74,101207,45532,8209,688,6101,2024,3,59.83557727,0.369355415,6.850947218,4.253544621,0.559990468,0.274037889,0.011914691,0,0,0.107232217,0.035744072,0,7.422852377,8.912188729,0.88168712,8.381045194,5835,2097,95.64005901,34.37141452,2057,1659,3716,0.553552207,0.446447793,0.107104413,Democratic,55.35522067,44.64477933,54.89790644,45.10209356,0.457314232,-0.457314232,0.914628463
111,2230,"Skagway Municipality, Alaska",AK,2023,1308,42.5,901,29,64,18,0,5,0,0,0,0,0,33,103,57,0,78594,53798,1308,81,1038,2024,5.8,68.88379205,2.217125382,4.892966361,1.376146789,0,0.382262997,0,0,0,0,0,2.52293578,7.874617737,4.357798165,0,6.19266055,973,288,93.73795761,27.74566474,717,265,982,0.730142566,0.269857434,0.460285132,Democratic,73.01425662,26.98574338,75.78125,24.21875,-2.766993381,2.766993381,-5.533986762
112,2240,"Southeast Fairbanks Census Area, Alaska",AK,2023,6936,37.9,5026,61,402,107,177,0,0,0,0,0,6,6,137,839,15,74223,38918,6867,911,4674,2024,5.2,72.46251442,0.879469435,5.795847751,1.542675894,2.551903114,0,0,0,0,0,0.08650519,0.08650519,1.975201845,12.09630911,0.216262976,13.26634629,4348,915,93.02524604,19.57637997,528,2846,3374,0.156490812,0.843509188,-0.687018376,Republican,15.64908121,84.35091879,20.94651358,79.05348642,-5.297432372,5.297432372,-10.59486474
113,2275,"Wrangell City and Borough, Alaska",AK,2023,2106,44.3,1141,2,116,35,9,13,0,0,13,0,0,0,91,438,26,64545,37017,2084,227,1515,2024,4.9,54.17853751,0.094966762,5.508072175,1.661918329,0.427350427,0.617283951,0,0,0.617283951,0,0,0,4.320987654,20.7977208,1.234567901,10.8925144,1367,286,90.2310231,18.87788779,359,745,1104,0.325181159,0.674818841,-0.349637681,Republican,32.51811594,67.48188406,32.37939493,67.62060507,0.138721012,-0.138721012,0.277442023
114,2282,"Yakutat City and Borough, Alaska",AK,2023,506,53.2,125,28,24,18,0,0,2,0,0,0,0,0,100,136,9,80625,50644,501,39,398,2024,6,24.70355731,5.533596838,4.743083004,3.557312253,0,0,0.395256917,0,0,0,0,0,19.76284585,26.87747036,1.778656126,7.784431138,367,59,92.21105528,14.8241206,271,179,450,0.602222222,0.397777778,0.204444444,Democratic,60.22222222,39.77777778,54.60750853,45.39249147,5.61471369,-5.61471369,11.22942738
115,2290,"Yukon-Koyukuk Census Area, Alaska",AK,2023,5271,37.3,1147,66,109,44,23,0,0,0,0,0,0,0,74,3499,6,52642,32096,5230,1086,3479,2024,9,21.76057674,1.25213432,2.067918801,0.834756213,0.436349839,0,0,0,0,0,0,0,1.403908177,66.38209068,0.113830393,20.76481836,3014,445,86.63409026,12.79103191,1386,851,2237,0.619579794,0.380420206,0.239159589,Democratic,61.95797944,38.04202056,64.32532348,35.67467652,-2.367344038,2.367344038,-4.734688077
