state_po.x,counties,MAE,RMSE,mean_error,winner_accuracy
AK,30,5.734980887408583,7.001166470323738,-5.194860883009421,86.66666666666667
AL,67,2.544184681738205,2.9930502865054525,-2.3335578554468417,97.01492537313433
AR,75,1.558936612315403,1.825019681781306,-0.21471796112043126,100
AZ,15,3.150595086231616,3.7766130510931926,-3.150595086231616,93.33333333333333
CA,58,5.033498058585005,6.220627683073099,-4.7447967388456895,82.75862068965517
CO,64,2.6992277349526406,3.394764214302624,-1.9979960064924605,96.875
CT,8,5.57946669383002,6.290510531096515,-5.57946669383002,87.5
DE,3,3.0989894320068765,3.431212870233514,-3.0989894320068765,100
FL,67,3.9670348426558437,4.660574502469768,-3.880820784434099,91.04477611940298
GA,159,2.2277323652465766,2.98022048103044,-2.008455486517108,96.85534591194968
HI,4,7.920937105388823,8.020500151099299,-7.920937105388823,100
IA,99,1.6072597294163573,2.242271950797093,0.10235767869449197,97.97979797979798
ID,44,1.863723205013008,2.366621888869071,-1.3657749342395997,95.45454545454545
IL,102,1.6120664672084604,2.2665021141932225,0.1563299445553849,98.0392156862745
IN,92,1.7839704710559938,2.1635605952132564,0.9389605915811347,97.82608695652173
KS,105,1.4556615410772147,1.919665088127865,-0.39010282886757686,100
KY,120,1.2288169008623642,1.6332166406832622,0.12967316350993457,100
LA,64,2.975175219803812,3.501089051392422,-2.919331859574335,95.3125
MA,14,5.73553496073441,6.592246015187139,-5.73553496073441,100
MD,24,4.546954140903503,5.57040895517295,-4.290418065182741,83.33333333333334
ME,16,1.7815509539626833,1.8611154285623646,1.574009900220747,100
MI,83,1.6255626306348216,2.0299290687694107,0.8180052554120111,100
MN,87,1.3820115238527066,1.8271056613284271,-0.14611681900549184,93.10344827586206
MO,115,1.5823750648348665,1.8736569772607012,0.7942724604449114,99.1304347826087
MS,82,2.707455520289413,3.256759684879387,-2.654897923198752,91.46341463414635
MT,56,1.7152131514210502,2.2286954106781756,-1.0233563132216057,94.64285714285714
NC,100,2.1130006962256256,2.5828944751380307,-1.2891386845654444,98
ND,53,1.6507759500335881,1.9746123575623697,-0.943290031629721,100
NE,93,1.390217743922353,1.846723706955795,-0.40140787854287224,100
NH,10,1.9812473544549918,2.507262661496914,-1.4871905323472618,80
NJ,21,9.170354947170493,9.823503606991983,-9.170354947170493,66.66666666666666
NM,33,3.073613030389905,3.703182488299444,-2.594566659462112,96.96969696969697
NV,17,1.8991772789216645,2.387337751738201,-1.5018959432924415,100
NY,62,3.3104203516407456,5.296469976491936,-2.248526959030978,87.09677419354838
OH,88,1.6118104807884295,2.094007268767561,0.4032984426116509,98.86363636363636
OK,77,1.4128417959023352,1.7649715861549387,-1.0342318915231918,98.7012987012987
OR,36,1.6937012861214447,2.0814814644365742,0.5437263441168315,100
PA,67,2.026133907886061,2.568206489471318,0.21264536910675738,95.52238805970148
RI,5,4.247650580953605,4.3911967994737635,-4.247650580953605,100
SC,46,3.895684171367405,4.258932697708321,-3.895684171367405,95.65217391304348
SD,66,1.8836197683720046,2.352159180931701,-0.9631861033832013,98.48484848484848
TN,95,1.695224280777908,2.6019255439664435,-0.8534458027067234,100
TX,254,4.020749074180432,4.7067836831687755,-3.8776115208638005,95.66929133858267
UT,29,2.0962651906800436,2.9552722935387474,-0.9245230803026137,100
VA,133,3.5392271311452435,4.726890365682439,-2.6328703648250307,95.48872180451127
VT,14,1.037400033443755,1.4867896874240387,0.813600298267845,100
WA,39,1.8412048365021214,2.4202128757269317,-0.05935891251625108,100
WI,72,1.827674526531266,2.1122242584625903,1.2360268157936998,95.83333333333334
WV,55,1.5602747760043891,1.8095586401089938,1.0385896262990473,98.18181818181819
WY,23,1.634326760503569,2.3049330043677707,-1.5515426985283811,95.65217391304348
