"region","series_id","year","period","month","cpi"
"Midwest","CUUR0200SA0",2000,"M01","January",164.9
"Midwest","CUUR0200SA0",2000,"M02","February",165.9
"Midwest","CUUR0200SA0",2000,"M03","March",167.1
"Midwest","CUUR0200SA0",2000,"M04","April",167
"Midwest","CUUR0200SA0",2000,"M05","May",167.5
"Midwest","CUUR0200SA0",2000,"M06","June",169.7
"Midwest","CUUR0200SA0",2000,"M07","July",168.8
"Midwest","CUUR0200SA0",2000,"M08","August",168.2
"Midwest","CUUR0200SA0",2000,"M09","September",170
"Midwest","CUUR0200SA0",2000,"M10","October",170.1
"Midwest","CUUR0200SA0",2000,"M11","November",170.3
"Midwest","CUUR0200SA0",2000,"M12","December",170.2
"Midwest","CUUR0200SA0",2001,"M01","January",171.9
"Midwest","CUUR0200SA0",2001,"M02","February",172.1
"Midwest","CUUR0200SA0",2001,"M03","March",171.7
"Midwest","CUUR0200SA0",2001,"M04","April",172.8
"Midwest","CUUR0200SA0",2001,"M05","May",174.2
"Midwest","CUUR0200SA0",2001,"M06","June",173.8
"Midwest","CUUR0200SA0",2001,"M07","July",172.5
"Midwest","CUUR0200SA0",2001,"M08","August",173
"Midwest","CUUR0200SA0",2001,"M09","September",174.6
"Midwest","CUUR0200SA0",2001,"M10","October",172.6
"Midwest","CUUR0200SA0",2001,"M11","November",172.5
"Midwest","CUUR0200SA0",2001,"M12","December",171.9
"Midwest","CUUR0200SA0",2002,"M01","January",172.1
"Midwest","CUUR0200SA0",2002,"M02","February",172.5
"Midwest","CUUR0200SA0",2002,"M03","March",173.6
"Midwest","CUUR0200SA0",2002,"M04","April",174.7
"Midwest","CUUR0200SA0",2002,"M05","May",174.8
"Midwest","CUUR0200SA0",2002,"M06","June",175.3
"Midwest","CUUR0200SA0",2002,"M07","July",175.3
"Midwest","CUUR0200SA0",2002,"M08","August",175.8
"Midwest","CUUR0200SA0",2002,"M09","September",176.2
"Midwest","CUUR0200SA0",2002,"M10","October",176.3
"Midwest","CUUR0200SA0",2002,"M11","November",176.1
"Midwest","CUUR0200SA0",2002,"M12","December",175.5
"Midwest","CUUR0200SA0",2003,"M01","January",176.2
"Midwest","CUUR0200SA0",2003,"M02","February",177.8
"Midwest","CUUR0200SA0",2003,"M03","March",178.6
"Midwest","CUUR0200SA0",2003,"M04","April",177.8
"Midwest","CUUR0200SA0",2003,"M05","May",177.7
"Midwest","CUUR0200SA0",2003,"M06","June",178.4
"Midwest","CUUR0200SA0",2003,"M07","July",178.1
"Midwest","CUUR0200SA0",2003,"M08","August",178.8
"Midwest","CUUR0200SA0",2003,"M09","September",179.5
"Midwest","CUUR0200SA0",2003,"M10","October",179.1
"Midwest","CUUR0200SA0",2003,"M11","November",178.9
"Midwest","CUUR0200SA0",2003,"M12","December",178.4
"Midwest","CUUR0200SA0",2004,"M01","January",179.4
"Midwest","CUUR0200SA0",2004,"M02","February",180.2
"Midwest","CUUR0200SA0",2004,"M03","March",181
"Midwest","CUUR0200SA0",2004,"M04","April",181.5
"Midwest","CUUR0200SA0",2004,"M05","May",182.9
"Midwest","CUUR0200SA0",2004,"M06","June",183.3
"Midwest","CUUR0200SA0",2004,"M07","July",183.2
"Midwest","CUUR0200SA0",2004,"M08","August",183.3
"Midwest","CUUR0200SA0",2004,"M09","September",183.6
"Midwest","CUUR0200SA0",2004,"M10","October",184.5
"Midwest","CUUR0200SA0",2004,"M11","November",184.8
"Midwest","CUUR0200SA0",2004,"M12","December",183.8
"Midwest","CUUR0200SA0",2005,"M01","January",184.1
"Midwest","CUUR0200SA0",2005,"M02","February",185.2
"Midwest","CUUR0200SA0",2005,"M03","March",186.3
"Midwest","CUUR0200SA0",2005,"M04","April",187.7
"Midwest","CUUR0200SA0",2005,"M05","May",187.4
"Midwest","CUUR0200SA0",2005,"M06","June",187.8
"Midwest","CUUR0200SA0",2005,"M07","July",188.4
"Midwest","CUUR0200SA0",2005,"M08","August",189.7
"Midwest","CUUR0200SA0",2005,"M09","September",192.5
"Midwest","CUUR0200SA0",2005,"M10","October",192.1
"Midwest","CUUR0200SA0",2005,"M11","November",190.3
"Midwest","CUUR0200SA0",2005,"M12","December",189.7
"Midwest","CUUR0200SA0",2006,"M01","January",190.8
"Midwest","CUUR0200SA0",2006,"M02","February",190.7
"Midwest","CUUR0200SA0",2006,"M03","March",192
"Midwest","CUUR0200SA0",2006,"M04","April",193
"Midwest","CUUR0200SA0",2006,"M05","May",193.6
"Midwest","CUUR0200SA0",2006,"M06","June",194.1
"Midwest","CUUR0200SA0",2006,"M07","July",194.6
"Midwest","CUUR0200SA0",2006,"M08","August",195.1
"Midwest","CUUR0200SA0",2006,"M09","September",193.7
"Midwest","CUUR0200SA0",2006,"M10","October",192.3
"Midwest","CUUR0200SA0",2006,"M11","November",192.8
"Midwest","CUUR0200SA0",2006,"M12","December",192.9
"Midwest","CUUR0200SA0",2007,"M01","January",193.068
"Midwest","CUUR0200SA0",2007,"M02","February",194.458
"Midwest","CUUR0200SA0",2007,"M03","March",196.389
"Midwest","CUUR0200SA0",2007,"M04","April",197.405
"Midwest","CUUR0200SA0",2007,"M05","May",199.194
"Midwest","CUUR0200SA0",2007,"M06","June",199.263
"Midwest","CUUR0200SA0",2007,"M07","July",198.989
"Midwest","CUUR0200SA0",2007,"M08","August",198.551
"Midwest","CUUR0200SA0",2007,"M09","September",199.714
"Midwest","CUUR0200SA0",2007,"M10","October",199.455
"Midwest","CUUR0200SA0",2007,"M11","November",200.762
"Midwest","CUUR0200SA0",2007,"M12","December",200.227
"Midwest","CUUR0200SA0",2008,"M01","January",201.427
"Midwest","CUUR0200SA0",2008,"M02","February",201.896
"Midwest","CUUR0200SA0",2008,"M03","March",203.723
"Midwest","CUUR0200SA0",2008,"M04","April",205.393
"Midwest","CUUR0200SA0",2008,"M05","May",207.168
"Midwest","CUUR0200SA0",2008,"M06","June",208.968
"Midwest","CUUR0200SA0",2008,"M07","July",210.071
"Midwest","CUUR0200SA0",2008,"M08","August",209.351
"Midwest","CUUR0200SA0",2008,"M09","September",209.252
"Midwest","CUUR0200SA0",2008,"M10","October",206.019
"Midwest","CUUR0200SA0",2008,"M11","November",201.737
"Midwest","CUUR0200SA0",2008,"M12","December",199.582
"Midwest","CUUR0200SA0",2009,"M01","January",200.815
"Midwest","CUUR0200SA0",2009,"M02","February",201.453
"Midwest","CUUR0200SA0",2009,"M03","March",202.021
"Midwest","CUUR0200SA0",2009,"M04","April",202.327
"Midwest","CUUR0200SA0",2009,"M05","May",203.195
"Midwest","CUUR0200SA0",2009,"M06","June",205.35
"Midwest","CUUR0200SA0",2009,"M07","July",204.814
"Midwest","CUUR0200SA0",2009,"M08","August",205.632
"Midwest","CUUR0200SA0",2009,"M09","September",205.601
"Midwest","CUUR0200SA0",2009,"M10","October",205.706
"Midwest","CUUR0200SA0",2009,"M11","November",206.247
"Midwest","CUUR0200SA0",2009,"M12","December",205.613
"Midwest","CUUR0200SA0",2010,"M01","January",206.564
"Midwest","CUUR0200SA0",2010,"M02","February",206.563
"Midwest","CUUR0200SA0",2010,"M03","March",207.359
"Midwest","CUUR0200SA0",2010,"M04","April",207.777
"Midwest","CUUR0200SA0",2010,"M05","May",207.987
"Midwest","CUUR0200SA0",2010,"M06","June",207.886
"Midwest","CUUR0200SA0",2010,"M07","July",208.211
"Midwest","CUUR0200SA0",2010,"M08","August",208.639
"Midwest","CUUR0200SA0",2010,"M09","September",208.788
"Midwest","CUUR0200SA0",2010,"M10","October",208.689
"Midwest","CUUR0200SA0",2010,"M11","November",208.816
"Midwest","CUUR0200SA0",2010,"M12","December",209.27
"Midwest","CUUR0200SA0",2011,"M01","January",210.388
"Midwest","CUUR0200SA0",2011,"M02","February",211.09
"Midwest","CUUR0200SA0",2011,"M03","March",212.954
"Midwest","CUUR0200SA0",2011,"M04","April",214.535
"Midwest","CUUR0200SA0",2011,"M05","May",215.899
"Midwest","CUUR0200SA0",2011,"M06","June",215.954
"Midwest","CUUR0200SA0",2011,"M07","July",216.099
"Midwest","CUUR0200SA0",2011,"M08","August",216.586
"Midwest","CUUR0200SA0",2011,"M09","September",216.968
"Midwest","CUUR0200SA0",2011,"M10","October",215.653
"Midwest","CUUR0200SA0",2011,"M11","November",215.614
"Midwest","CUUR0200SA0",2011,"M12","December",215.173
"Midwest","CUUR0200SA0",2012,"M01","January",216.368
"Midwest","CUUR0200SA0",2012,"M02","February",216.855
"Midwest","CUUR0200SA0",2012,"M03","March",218.975
"Midwest","CUUR0200SA0",2012,"M04","April",219.405
"Midwest","CUUR0200SA0",2012,"M05","May",219.145
"Midwest","CUUR0200SA0",2012,"M06","June",219.017
"Midwest","CUUR0200SA0",2012,"M07","July",218.956
"Midwest","CUUR0200SA0",2012,"M08","August",220.462
"Midwest","CUUR0200SA0",2012,"M09","September",221.125
"Midwest","CUUR0200SA0",2012,"M10","October",220.375
"Midwest","CUUR0200SA0",2012,"M11","November",219.483
"Midwest","CUUR0200SA0",2012,"M12","December",219.033
"Midwest","CUUR0200SA0",2013,"M01","January",219.282
"Midwest","CUUR0200SA0",2013,"M02","February",221.599
"Midwest","CUUR0200SA0",2013,"M03","March",222.121
"Midwest","CUUR0200SA0",2013,"M04","April",221.931
"Midwest","CUUR0200SA0",2013,"M05","May",223.049
"Midwest","CUUR0200SA0",2013,"M06","June",223.775
"Midwest","CUUR0200SA0",2013,"M07","July",222.902
"Midwest","CUUR0200SA0",2013,"M08","August",223.046
"Midwest","CUUR0200SA0",2013,"M09","September",223.252
"Midwest","CUUR0200SA0",2013,"M10","October",222.171
"Midwest","CUUR0200SA0",2013,"M11","November",221.718
"Midwest","CUUR0200SA0",2013,"M12","December",221.194
"Midwest","CUUR0200SA0",2014,"M01","January",222.247
"Midwest","CUUR0200SA0",2014,"M02","February",223.493
"Midwest","CUUR0200SA0",2014,"M03","March",225.485
"Midwest","CUUR0200SA0",2014,"M04","April",226.214
"Midwest","CUUR0200SA0",2014,"M05","May",226.565
"Midwest","CUUR0200SA0",2014,"M06","June",227.588
"Midwest","CUUR0200SA0",2014,"M07","July",226.997
"Midwest","CUUR0200SA0",2014,"M08","August",226.587
"Midwest","CUUR0200SA0",2014,"M09","September",226.913
"Midwest","CUUR0200SA0",2014,"M10","October",225.793
"Midwest","CUUR0200SA0",2014,"M11","November",224.396
"Midwest","CUUR0200SA0",2014,"M12","December",222.821
"Midwest","CUUR0200SA0",2015,"M01","January",221.545
"Midwest","CUUR0200SA0",2015,"M02","February",222.301
"Midwest","CUUR0200SA0",2015,"M03","March",223.55
"Midwest","CUUR0200SA0",2015,"M04","April",223.797
"Midwest","CUUR0200SA0",2015,"M05","May",224.732
"Midwest","CUUR0200SA0",2015,"M06","June",225.946
"Midwest","CUUR0200SA0",2015,"M07","July",225.853
"Midwest","CUUR0200SA0",2015,"M08","August",225.83
"Midwest","CUUR0200SA0",2015,"M09","September",225.184
"Midwest","CUUR0200SA0",2015,"M10","October",225.05
"Midwest","CUUR0200SA0",2015,"M11","November",224.009
"Midwest","CUUR0200SA0",2015,"M12","December",222.722
"Midwest","CUUR0200SA0",2016,"M01","January",223.301
"Midwest","CUUR0200SA0",2016,"M02","February",223.196
"Midwest","CUUR0200SA0",2016,"M03","March",224.621
"Midwest","CUUR0200SA0",2016,"M04","April",225.609
"Midwest","CUUR0200SA0",2016,"M05","May",226.476
"Midwest","CUUR0200SA0",2016,"M06","June",227.835
"Midwest","CUUR0200SA0",2016,"M07","July",226.786
"Midwest","CUUR0200SA0",2016,"M08","August",227.097
"Midwest","CUUR0200SA0",2016,"M09","September",227.636
"Midwest","CUUR0200SA0",2016,"M10","October",227.358
"Midwest","CUUR0200SA0",2016,"M11","November",226.673
"Midwest","CUUR0200SA0",2016,"M12","December",226.794
"Midwest","CUUR0200SA0",2017,"M01","January",228.279
"Midwest","CUUR0200SA0",2017,"M02","February",228.633
"Midwest","CUUR0200SA0",2017,"M03","March",228.824
"Midwest","CUUR0200SA0",2017,"M04","April",229.682
"Midwest","CUUR0200SA0",2017,"M05","May",229.705
"Midwest","CUUR0200SA0",2017,"M06","June",229.78
"Midwest","CUUR0200SA0",2017,"M07","July",229.82
"Midwest","CUUR0200SA0",2017,"M08","August",230.443
"Midwest","CUUR0200SA0",2017,"M09","September",231.03
"Midwest","CUUR0200SA0",2017,"M10","October",230.66
"Midwest","CUUR0200SA0",2017,"M11","November",231.084
"Midwest","CUUR0200SA0",2017,"M12","December",230.548
"Midwest","CUUR0200SA0",2018,"M01","January",232.028
"Midwest","CUUR0200SA0",2018,"M02","February",232.512
"Midwest","CUUR0200SA0",2018,"M03","March",232.931
"Midwest","CUUR0200SA0",2018,"M04","April",233.913
"Midwest","CUUR0200SA0",2018,"M05","May",235.065
"Midwest","CUUR0200SA0",2018,"M06","June",235.455
"Midwest","CUUR0200SA0",2018,"M07","July",235.346
"Midwest","CUUR0200SA0",2018,"M08","August",235.276
"Midwest","CUUR0200SA0",2018,"M09","September",235.524
"Midwest","CUUR0200SA0",2018,"M10","October",235.68
"Midwest","CUUR0200SA0",2018,"M11","November",234.292
"Midwest","CUUR0200SA0",2018,"M12","December",233.458
"Midwest","CUUR0200SA0",2019,"M01","January",233.837
"Midwest","CUUR0200SA0",2019,"M02","February",235.444
"Midwest","CUUR0200SA0",2019,"M03","March",236.793
"Midwest","CUUR0200SA0",2019,"M04","April",237.51
"Midwest","CUUR0200SA0",2019,"M05","May",238.219
"Midwest","CUUR0200SA0",2019,"M06","June",238.288
"Midwest","CUUR0200SA0",2019,"M07","July",238.76
"Midwest","CUUR0200SA0",2019,"M08","August",238.786
"Midwest","CUUR0200SA0",2019,"M09","September",238.847
"Midwest","CUUR0200SA0",2019,"M10","October",239.243
"Midwest","CUUR0200SA0",2019,"M11","November",238.85
"Midwest","CUUR0200SA0",2019,"M12","December",238.734
"Midwest","CUUR0200SA0",2020,"M01","January",239.69
"Midwest","CUUR0200SA0",2020,"M02","February",240.421
"Midwest","CUUR0200SA0",2020,"M03","March",239.163
"Midwest","CUUR0200SA0",2020,"M04","April",236.474
"Midwest","CUUR0200SA0",2020,"M05","May",237.291
"Midwest","CUUR0200SA0",2020,"M06","June",239.259
"Midwest","CUUR0200SA0",2020,"M07","July",240.43
"Midwest","CUUR0200SA0",2020,"M08","August",241.362
"Midwest","CUUR0200SA0",2020,"M09","September",241.878
"Midwest","CUUR0200SA0",2020,"M10","October",241.74
"Midwest","CUUR0200SA0",2020,"M11","November",241.316
"Midwest","CUUR0200SA0",2020,"M12","December",241.453
"Midwest","CUUR0200SA0",2021,"M01","January",242.552
"Midwest","CUUR0200SA0",2021,"M02","February",244.477
"Midwest","CUUR0200SA0",2021,"M03","March",246.246
"Midwest","CUUR0200SA0",2021,"M04","April",248.169
"Midwest","CUUR0200SA0",2021,"M05","May",250.582
"Midwest","CUUR0200SA0",2021,"M06","June",253.042
"Midwest","CUUR0200SA0",2021,"M07","July",254.671
"Midwest","CUUR0200SA0",2021,"M08","August",255.142
"Midwest","CUUR0200SA0",2021,"M09","September",255.709
"Midwest","CUUR0200SA0",2021,"M10","October",257.793
"Midwest","CUUR0200SA0",2021,"M11","November",258.911
"Midwest","CUUR0200SA0",2021,"M12","December",259.609
"Midwest","CUUR0200SA0",2022,"M01","January",261.657
"Midwest","CUUR0200SA0",2022,"M02","February",263.988
"Midwest","CUUR0200SA0",2022,"M03","March",267.312
"Midwest","CUUR0200SA0",2022,"M04","April",268.639
"Midwest","CUUR0200SA0",2022,"M05","May",272.673
"Midwest","CUUR0200SA0",2022,"M06","June",277.072
"Midwest","CUUR0200SA0",2022,"M07","July",276.525
"Midwest","CUUR0200SA0",2022,"M08","August",275.875
"Midwest","CUUR0200SA0",2022,"M09","September",276.549
"Midwest","CUUR0200SA0",2022,"M10","October",276.908
"Midwest","CUUR0200SA0",2022,"M11","November",276.436
"Midwest","CUUR0200SA0",2022,"M12","December",275.182
"Midwest","CUUR0200SA0",2023,"M01","January",277.332
"Midwest","CUUR0200SA0",2023,"M02","February",278.672
"Midwest","CUUR0200SA0",2023,"M03","March",280.33
"Midwest","CUUR0200SA0",2023,"M04","April",281.927
"Midwest","CUUR0200SA0",2023,"M05","May",282.656
"Midwest","CUUR0200SA0",2023,"M06","June",283.741
"Midwest","CUUR0200SA0",2023,"M07","July",284.64
"Midwest","CUUR0200SA0",2023,"M08","August",285.122
"Midwest","CUUR0200SA0",2023,"M09","September",285.276
"Midwest","CUUR0200SA0",2023,"M10","October",284.981
"Midwest","CUUR0200SA0",2023,"M11","November",284.539
"Midwest","CUUR0200SA0",2023,"M12","December",283.908
"Midwest","CUUR0200SA0",2024,"M01","January",284.731
"Midwest","CUUR0200SA0",2024,"M02","February",286.346
"Midwest","CUUR0200SA0",2024,"M03","March",288.301
"Midwest","CUUR0200SA0",2024,"M04","April",289.718
"Midwest","CUUR0200SA0",2024,"M05","May",290.355
"Midwest","CUUR0200SA0",2024,"M06","June",290.779
"Midwest","CUUR0200SA0",2024,"M07","July",292.256
"Midwest","CUUR0200SA0",2024,"M08","August",292.559
"Midwest","CUUR0200SA0",2024,"M09","September",292.547
"Midwest","CUUR0200SA0",2024,"M10","October",292.291
"Midwest","CUUR0200SA0",2024,"M11","November",292.022
"Midwest","CUUR0200SA0",2024,"M12","December",292.533
"Northeast","CUUR0100SA0",2000,"M01","January",176.2
"Northeast","CUUR0100SA0",2000,"M02","February",177.6
"Northeast","CUUR0100SA0",2000,"M03","March",178.5
"Northeast","CUUR0100SA0",2000,"M04","April",178.5
"Northeast","CUUR0100SA0",2000,"M05","May",178.4
"Northeast","CUUR0100SA0",2000,"M06","June",179
"Northeast","CUUR0100SA0",2000,"M07","July",179.8
"Northeast","CUUR0100SA0",2000,"M08","August",179.9
"Northeast","CUUR0100SA0",2000,"M09","September",180.7
"Northeast","CUUR0100SA0",2000,"M10","October",181.2
"Northeast","CUUR0100SA0",2000,"M11","November",181.5
"Northeast","CUUR0100SA0",2000,"M12","December",181.3
"Northeast","CUUR0100SA0",2001,"M01","January",182.2
"Northeast","CUUR0100SA0",2001,"M02","February",182.8
"Northeast","CUUR0100SA0",2001,"M03","March",183.7
"Northeast","CUUR0100SA0",2001,"M04","April",184.2
"Northeast","CUUR0100SA0",2001,"M05","May",184.6
"Northeast","CUUR0100SA0",2001,"M06","June",185.3
"Northeast","CUUR0100SA0",2001,"M07","July",185
"Northeast","CUUR0100SA0",2001,"M08","August",185.1
"Northeast","CUUR0100SA0",2001,"M09","September",185.1
"Northeast","CUUR0100SA0",2001,"M10","October",185
"Northeast","CUUR0100SA0",2001,"M11","November",185
"Northeast","CUUR0100SA0",2001,"M12","December",184.2
"Northeast","CUUR0100SA0",2002,"M01","January",184.9
"Northeast","CUUR0100SA0",2002,"M02","February",186.1
"Northeast","CUUR0100SA0",2002,"M03","March",187
"Northeast","CUUR0100SA0",2002,"M04","April",187.8
"Northeast","CUUR0100SA0",2002,"M05","May",187.7
"Northeast","CUUR0100SA0",2002,"M06","June",187.8
"Northeast","CUUR0100SA0",2002,"M07","July",188.3
"Northeast","CUUR0100SA0",2002,"M08","August",189.3
"Northeast","CUUR0100SA0",2002,"M09","September",189.5
"Northeast","CUUR0100SA0",2002,"M10","October",189.9
"Northeast","CUUR0100SA0",2002,"M11","November",190.1
"Northeast","CUUR0100SA0",2002,"M12","December",189.6
"Northeast","CUUR0100SA0",2003,"M01","January",190.5
"Northeast","CUUR0100SA0",2003,"M02","February",191.7
"Northeast","CUUR0100SA0",2003,"M03","March",193
"Northeast","CUUR0100SA0",2003,"M04","April",192.6
"Northeast","CUUR0100SA0",2003,"M05","May",192.7
"Northeast","CUUR0100SA0",2003,"M06","June",192.8
"Northeast","CUUR0100SA0",2003,"M07","July",193.5
"Northeast","CUUR0100SA0",2003,"M08","August",194.3
"Northeast","CUUR0100SA0",2003,"M09","September",195
"Northeast","CUUR0100SA0",2003,"M10","October",195.4
"Northeast","CUUR0100SA0",2003,"M11","November",195.1
"Northeast","CUUR0100SA0",2003,"M12","December",194.9
"Northeast","CUUR0100SA0",2004,"M01","January",195.9
"Northeast","CUUR0100SA0",2004,"M02","February",196.8
"Northeast","CUUR0100SA0",2004,"M03","March",198.6
"Northeast","CUUR0100SA0",2004,"M04","April",199.4
"Northeast","CUUR0100SA0",2004,"M05","May",199.9
"Northeast","CUUR0100SA0",2004,"M06","June",201.1
"Northeast","CUUR0100SA0",2004,"M07","July",201
"Northeast","CUUR0100SA0",2004,"M08","August",201
"Northeast","CUUR0100SA0",2004,"M09","September",201.2
"Northeast","CUUR0100SA0",2004,"M10","October",202.5
"Northeast","CUUR0100SA0",2004,"M11","November",202.6
"Northeast","CUUR0100SA0",2004,"M12","December",201.9
"Northeast","CUUR0100SA0",2005,"M01","January",202.6
"Northeast","CUUR0100SA0",2005,"M02","February",203.6
"Northeast","CUUR0100SA0",2005,"M03","March",206
"Northeast","CUUR0100SA0",2005,"M04","April",206.9
"Northeast","CUUR0100SA0",2005,"M05","May",206.2
"Northeast","CUUR0100SA0",2005,"M06","June",206.2
"Northeast","CUUR0100SA0",2005,"M07","July",207.9
"Northeast","CUUR0100SA0",2005,"M08","August",208.7
"Northeast","CUUR0100SA0",2005,"M09","September",210.8
"Northeast","CUUR0100SA0",2005,"M10","October",211.5
"Northeast","CUUR0100SA0",2005,"M11","November",210
"Northeast","CUUR0100SA0",2005,"M12","December",209
"Northeast","CUUR0100SA0",2006,"M01","January",211
"Northeast","CUUR0100SA0",2006,"M02","February",211.6
"Northeast","CUUR0100SA0",2006,"M03","March",212.8
"Northeast","CUUR0100SA0",2006,"M04","April",214.7
"Northeast","CUUR0100SA0",2006,"M05","May",215.7
"Northeast","CUUR0100SA0",2006,"M06","June",216.7
"Northeast","CUUR0100SA0",2006,"M07","July",217.5
"Northeast","CUUR0100SA0",2006,"M08","August",218.1
"Northeast","CUUR0100SA0",2006,"M09","September",216.3
"Northeast","CUUR0100SA0",2006,"M10","October",215.2
"Northeast","CUUR0100SA0",2006,"M11","November",214.8
"Northeast","CUUR0100SA0",2006,"M12","December",215.2
"Northeast","CUUR0100SA0",2007,"M01","January",215.813
"Northeast","CUUR0100SA0",2007,"M02","February",216.651
"Northeast","CUUR0100SA0",2007,"M03","March",218.334
"Northeast","CUUR0100SA0",2007,"M04","April",219.501
"Northeast","CUUR0100SA0",2007,"M05","May",220.591
"Northeast","CUUR0100SA0",2007,"M06","June",221.579
"Northeast","CUUR0100SA0",2007,"M07","July",221.945
"Northeast","CUUR0100SA0",2007,"M08","August",221.559
"Northeast","CUUR0100SA0",2007,"M09","September",221.436
"Northeast","CUUR0100SA0",2007,"M10","October",221.951
"Northeast","CUUR0100SA0",2007,"M11","November",223.356
"Northeast","CUUR0100SA0",2007,"M12","December",223.425
"Northeast","CUUR0100SA0",2008,"M01","January",224.325
"Northeast","CUUR0100SA0",2008,"M02","February",225.213
"Northeast","CUUR0100SA0",2008,"M03","March",226.926
"Northeast","CUUR0100SA0",2008,"M04","April",228.133
"Northeast","CUUR0100SA0",2008,"M05","May",230.089
"Northeast","CUUR0100SA0",2008,"M06","June",232.649
"Northeast","CUUR0100SA0",2008,"M07","July",234.545
"Northeast","CUUR0100SA0",2008,"M08","August",233.788
"Northeast","CUUR0100SA0",2008,"M09","September",232.841
"Northeast","CUUR0100SA0",2008,"M10","October",230.837
"Northeast","CUUR0100SA0",2008,"M11","November",227.236
"Northeast","CUUR0100SA0",2008,"M12","December",225.091
"Northeast","CUUR0100SA0",2009,"M01","January",225.436
"Northeast","CUUR0100SA0",2009,"M02","February",226.754
"Northeast","CUUR0100SA0",2009,"M03","March",227.309
"Northeast","CUUR0100SA0",2009,"M04","April",227.84
"Northeast","CUUR0100SA0",2009,"M05","May",228.136
"Northeast","CUUR0100SA0",2009,"M06","June",229.93
"Northeast","CUUR0100SA0",2009,"M07","July",230.154
"Northeast","CUUR0100SA0",2009,"M08","August",230.883
"Northeast","CUUR0100SA0",2009,"M09","September",231.2
"Northeast","CUUR0100SA0",2009,"M10","October",231.304
"Northeast","CUUR0100SA0",2009,"M11","November",231.708
"Northeast","CUUR0100SA0",2009,"M12","December",231.462
"Northeast","CUUR0100SA0",2010,"M01","January",232.294
"Northeast","CUUR0100SA0",2010,"M02","February",232.382
"Northeast","CUUR0100SA0",2010,"M03","March",233.188
"Northeast","CUUR0100SA0",2010,"M04","April",233.615
"Northeast","CUUR0100SA0",2010,"M05","May",234.13
"Northeast","CUUR0100SA0",2010,"M06","June",233.834
"Northeast","CUUR0100SA0",2010,"M07","July",233.885
"Northeast","CUUR0100SA0",2010,"M08","August",234.15
"Northeast","CUUR0100SA0",2010,"M09","September",234.027
"Northeast","CUUR0100SA0",2010,"M10","October",234.671
"Northeast","CUUR0100SA0",2010,"M11","November",235.094
"Northeast","CUUR0100SA0",2010,"M12","December",235.141
"Northeast","CUUR0100SA0",2011,"M01","January",235.969
"Northeast","CUUR0100SA0",2011,"M02","February",237.11
"Northeast","CUUR0100SA0",2011,"M03","March",239.074
"Northeast","CUUR0100SA0",2011,"M04","April",240.267
"Northeast","CUUR0100SA0",2011,"M05","May",241.566
"Northeast","CUUR0100SA0",2011,"M06","June",241.69
"Northeast","CUUR0100SA0",2011,"M07","July",242.282
"Northeast","CUUR0100SA0",2011,"M08","August",243.033
"Northeast","CUUR0100SA0",2011,"M09","September",243.323
"Northeast","CUUR0100SA0",2011,"M10","October",243.014
"Northeast","CUUR0100SA0",2011,"M11","November",242.652
"Northeast","CUUR0100SA0",2011,"M12","December",241.987
"Northeast","CUUR0100SA0",2012,"M01","January",242.879
"Northeast","CUUR0100SA0",2012,"M02","February",243.85
"Northeast","CUUR0100SA0",2012,"M03","March",245.125
"Northeast","CUUR0100SA0",2012,"M04","April",245.85
"Northeast","CUUR0100SA0",2012,"M05","May",245.709
"Northeast","CUUR0100SA0",2012,"M06","June",245.201
"Northeast","CUUR0100SA0",2012,"M07","July",244.984
"Northeast","CUUR0100SA0",2012,"M08","August",246.252
"Northeast","CUUR0100SA0",2012,"M09","September",247.409
"Northeast","CUUR0100SA0",2012,"M10","October",247.564
"Northeast","CUUR0100SA0",2012,"M11","November",247.097
"Northeast","CUUR0100SA0",2012,"M12","December",246.456
"Northeast","CUUR0100SA0",2013,"M01","January",247.277
"Northeast","CUUR0100SA0",2013,"M02","February",248.665
"Northeast","CUUR0100SA0",2013,"M03","March",248.719
"Northeast","CUUR0100SA0",2013,"M04","April",248.464
"Northeast","CUUR0100SA0",2013,"M05","May",248.584
"Northeast","CUUR0100SA0",2013,"M06","June",248.851
"Northeast","CUUR0100SA0",2013,"M07","July",249.411
"Northeast","CUUR0100SA0",2013,"M08","August",249.858
"Northeast","CUUR0100SA0",2013,"M09","September",250.231
"Northeast","CUUR0100SA0",2013,"M10","October",249.32
"Northeast","CUUR0100SA0",2013,"M11","November",249.503
"Northeast","CUUR0100SA0",2013,"M12","December",249.567
"Northeast","CUUR0100SA0",2014,"M01","January",251.045
"Northeast","CUUR0100SA0",2014,"M02","February",251.233
"Northeast","CUUR0100SA0",2014,"M03","March",252.413
"Northeast","CUUR0100SA0",2014,"M04","April",252.506
"Northeast","CUUR0100SA0",2014,"M05","May",253.598
"Northeast","CUUR0100SA0",2014,"M06","June",253.555
"Northeast","CUUR0100SA0",2014,"M07","July",253.833
"Northeast","CUUR0100SA0",2014,"M08","August",253.185
"Northeast","CUUR0100SA0",2014,"M09","September",253.154
"Northeast","CUUR0100SA0",2014,"M10","October",252.73
"Northeast","CUUR0100SA0",2014,"M11","November",251.781
"Northeast","CUUR0100SA0",2014,"M12","December",250.519
"Northeast","CUUR0100SA0",2015,"M01","January",250.016
"Northeast","CUUR0100SA0",2015,"M02","February",250.619
"Northeast","CUUR0100SA0",2015,"M03","March",251.451
"Northeast","CUUR0100SA0",2015,"M04","April",251.76
"Northeast","CUUR0100SA0",2015,"M05","May",252.77
"Northeast","CUUR0100SA0",2015,"M06","June",253.626
"Northeast","CUUR0100SA0",2015,"M07","July",253.405
"Northeast","CUUR0100SA0",2015,"M08","August",252.903
"Northeast","CUUR0100SA0",2015,"M09","September",252.922
"Northeast","CUUR0100SA0",2015,"M10","October",252.504
"Northeast","CUUR0100SA0",2015,"M11","November",252.573
"Northeast","CUUR0100SA0",2015,"M12","December",251.67
"Northeast","CUUR0100SA0",2016,"M01","January",251.739
"Northeast","CUUR0100SA0",2016,"M02","February",252.25
"Northeast","CUUR0100SA0",2016,"M03","March",252.854
"Northeast","CUUR0100SA0",2016,"M04","April",254.27
"Northeast","CUUR0100SA0",2016,"M05","May",255.023
"Northeast","CUUR0100SA0",2016,"M06","June",255.471
"Northeast","CUUR0100SA0",2016,"M07","July",255.386
"Northeast","CUUR0100SA0",2016,"M08","August",255.545
"Northeast","CUUR0100SA0",2016,"M09","September",256.085
"Northeast","CUUR0100SA0",2016,"M10","October",256.605
"Northeast","CUUR0100SA0",2016,"M11","November",256.541
"Northeast","CUUR0100SA0",2016,"M12","December",256.427
"Northeast","CUUR0100SA0",2017,"M01","January",258.073
"Northeast","CUUR0100SA0",2017,"M02","February",258.768
"Northeast","CUUR0100SA0",2017,"M03","March",258.51
"Northeast","CUUR0100SA0",2017,"M04","April",259.165
"Northeast","CUUR0100SA0",2017,"M05","May",259.386
"Northeast","CUUR0100SA0",2017,"M06","June",259.335
"Northeast","CUUR0100SA0",2017,"M07","July",258.833
"Northeast","CUUR0100SA0",2017,"M08","August",259.508
"Northeast","CUUR0100SA0",2017,"M09","September",260.875
"Northeast","CUUR0100SA0",2017,"M10","October",260.58
"Northeast","CUUR0100SA0",2017,"M11","November",260.63
"Northeast","CUUR0100SA0",2017,"M12","December",260.791
"Northeast","CUUR0100SA0",2018,"M01","January",262.188
"Northeast","CUUR0100SA0",2018,"M02","February",263.26
"Northeast","CUUR0100SA0",2018,"M03","March",263.556
"Northeast","CUUR0100SA0",2018,"M04","April",264.669
"Northeast","CUUR0100SA0",2018,"M05","May",265.84
"Northeast","CUUR0100SA0",2018,"M06","June",265.95
"Northeast","CUUR0100SA0",2018,"M07","July",265.83
"Northeast","CUUR0100SA0",2018,"M08","August",266.425
"Northeast","CUUR0100SA0",2018,"M09","September",266.709
"Northeast","CUUR0100SA0",2018,"M10","October",266.464
"Northeast","CUUR0100SA0",2018,"M11","November",265.487
"Northeast","CUUR0100SA0",2018,"M12","December",265.286
"Northeast","CUUR0100SA0",2019,"M01","January",266.109
"Northeast","CUUR0100SA0",2019,"M02","February",266.706
"Northeast","CUUR0100SA0",2019,"M03","March",268.025
"Northeast","CUUR0100SA0",2019,"M04","April",269.07
"Northeast","CUUR0100SA0",2019,"M05","May",269.744
"Northeast","CUUR0100SA0",2019,"M06","June",270.133
"Northeast","CUUR0100SA0",2019,"M07","July",270.381
"Northeast","CUUR0100SA0",2019,"M08","August",270.548
"Northeast","CUUR0100SA0",2019,"M09","September",270.563
"Northeast","CUUR0100SA0",2019,"M10","October",270.348
"Northeast","CUUR0100SA0",2019,"M11","November",270.643
"Northeast","CUUR0100SA0",2019,"M12","December",270.429
"Northeast","CUUR0100SA0",2020,"M01","January",272.316
"Northeast","CUUR0100SA0",2020,"M02","February",273.08
"Northeast","CUUR0100SA0",2020,"M03","March",272.531
"Northeast","CUUR0100SA0",2020,"M04","April",271.325
"Northeast","CUUR0100SA0",2020,"M05","May",271.345
"Northeast","CUUR0100SA0",2020,"M06","June",272.283
"Northeast","CUUR0100SA0",2020,"M07","July",273.347
"Northeast","CUUR0100SA0",2020,"M08","August",273.597
"Northeast","CUUR0100SA0",2020,"M09","September",273.925
"Northeast","CUUR0100SA0",2020,"M10","October",273.374
"Northeast","CUUR0100SA0",2020,"M11","November",273.543
"Northeast","CUUR0100SA0",2020,"M12","December",274.225
"Northeast","CUUR0100SA0",2021,"M01","January",275.427
"Northeast","CUUR0100SA0",2021,"M02","February",276.473
"Northeast","CUUR0100SA0",2021,"M03","March",278.197
"Northeast","CUUR0100SA0",2021,"M04","April",280.234
"Northeast","CUUR0100SA0",2021,"M05","May",281.858
"Northeast","CUUR0100SA0",2021,"M06","June",284.741
"Northeast","CUUR0100SA0",2021,"M07","July",285.22
"Northeast","CUUR0100SA0",2021,"M08","August",285.63
"Northeast","CUUR0100SA0",2021,"M09","September",286.423
"Northeast","CUUR0100SA0",2021,"M10","October",288.236
"Northeast","CUUR0100SA0",2021,"M11","November",289.835
"Northeast","CUUR0100SA0",2021,"M12","December",290.405
"Northeast","CUUR0100SA0",2022,"M01","January",292.644
"Northeast","CUUR0100SA0",2022,"M02","February",294.605
"Northeast","CUUR0100SA0",2022,"M03","March",298.403
"Northeast","CUUR0100SA0",2022,"M04","April",300.325
"Northeast","CUUR0100SA0",2022,"M05","May",302.939
"Northeast","CUUR0100SA0",2022,"M06","June",306.453
"Northeast","CUUR0100SA0",2022,"M07","July",305.916
"Northeast","CUUR0100SA0",2022,"M08","August",306.855
"Northeast","CUUR0100SA0",2022,"M09","September",307.152
"Northeast","CUUR0100SA0",2022,"M10","October",308.001
"Northeast","CUUR0100SA0",2022,"M11","November",308.394
"Northeast","CUUR0100SA0",2022,"M12","December",308.15
"Northeast","CUUR0100SA0",2023,"M01","January",310.323
"Northeast","CUUR0100SA0",2023,"M02","February",311.986
"Northeast","CUUR0100SA0",2023,"M03","March",311.243
"Northeast","CUUR0100SA0",2023,"M04","April",311.848
"Northeast","CUUR0100SA0",2023,"M05","May",312.241
"Northeast","CUUR0100SA0",2023,"M06","June",313.329
"Northeast","CUUR0100SA0",2023,"M07","July",313.952
"Northeast","CUUR0100SA0",2023,"M08","August",315.441
"Northeast","CUUR0100SA0",2023,"M09","September",316.373
"Northeast","CUUR0100SA0",2023,"M10","October",316.3
"Northeast","CUUR0100SA0",2023,"M11","November",316.252
"Northeast","CUUR0100SA0",2023,"M12","December",316.143
"Northeast","CUUR0100SA0",2024,"M01","January",318.133
"Northeast","CUUR0100SA0",2024,"M02","February",319.577
"Northeast","CUUR0100SA0",2024,"M03","March",321.741
"Northeast","CUUR0100SA0",2024,"M04","April",323.035
"Northeast","CUUR0100SA0",2024,"M05","May",324.439
"Northeast","CUUR0100SA0",2024,"M06","June",325.271
"Northeast","CUUR0100SA0",2024,"M07","July",325.339
"Northeast","CUUR0100SA0",2024,"M08","August",326.14
"Northeast","CUUR0100SA0",2024,"M09","September",327.156
"Northeast","CUUR0100SA0",2024,"M10","October",327.421
"Northeast","CUUR0100SA0",2024,"M11","November",327.277
"Northeast","CUUR0100SA0",2024,"M12","December",327.24
"South","CUUR0300SA0",2000,"M01","January",164.1
"South","CUUR0300SA0",2000,"M02","February",164.8
"South","CUUR0300SA0",2000,"M03","March",166.5
"South","CUUR0300SA0",2000,"M04","April",166.7
"South","CUUR0300SA0",2000,"M05","May",166.7
"South","CUUR0300SA0",2000,"M06","June",167.5
"South","CUUR0300SA0",2000,"M07","July",168
"South","CUUR0300SA0",2000,"M08","August",168
"South","CUUR0300SA0",2000,"M09","September",168.5
"South","CUUR0300SA0",2000,"M10","October",168.5
"South","CUUR0300SA0",2000,"M11","November",168.6
"South","CUUR0300SA0",2000,"M12","December",168.4
"South","CUUR0300SA0",2001,"M01","January",169.3
"South","CUUR0300SA0",2001,"M02","February",170.2
"South","CUUR0300SA0",2001,"M03","March",170.6
"South","CUUR0300SA0",2001,"M04","April",171.4
"South","CUUR0300SA0",2001,"M05","May",171.7
"South","CUUR0300SA0",2001,"M06","June",172.2
"South","CUUR0300SA0",2001,"M07","July",171.6
"South","CUUR0300SA0",2001,"M08","August",171.5
"South","CUUR0300SA0",2001,"M09","September",172.2
"South","CUUR0300SA0",2001,"M10","October",171.7
"South","CUUR0300SA0",2001,"M11","November",171
"South","CUUR0300SA0",2001,"M12","December",170.3
"South","CUUR0300SA0",2002,"M01","January",170.6
"South","CUUR0300SA0",2002,"M02","February",171
"South","CUUR0300SA0",2002,"M03","March",172.1
"South","CUUR0300SA0",2002,"M04","April",173.1
"South","CUUR0300SA0",2002,"M05","May",173.2
"South","CUUR0300SA0",2002,"M06","June",173.5
"South","CUUR0300SA0",2002,"M07","July",173.6
"South","CUUR0300SA0",2002,"M08","August",173.8
"South","CUUR0300SA0",2002,"M09","September",174.2
"South","CUUR0300SA0",2002,"M10","October",174.9
"South","CUUR0300SA0",2002,"M11","November",174.9
"South","CUUR0300SA0",2002,"M12","December",174.6
"South","CUUR0300SA0",2003,"M01","January",175.1
"South","CUUR0300SA0",2003,"M02","February",176.4
"South","CUUR0300SA0",2003,"M03","March",177.5
"South","CUUR0300SA0",2003,"M04","April",177.4
"South","CUUR0300SA0",2003,"M05","May",176.8
"South","CUUR0300SA0",2003,"M06","June",177.2
"South","CUUR0300SA0",2003,"M07","July",177.3
"South","CUUR0300SA0",2003,"M08","August",177.9
"South","CUUR0300SA0",2003,"M09","September",178.3
"South","CUUR0300SA0",2003,"M10","October",178.1
"South","CUUR0300SA0",2003,"M11","November",177.5
"South","CUUR0300SA0",2003,"M12","December",177.5
"South","CUUR0300SA0",2004,"M01","January",178.2
"South","CUUR0300SA0",2004,"M02","February",179.1
"South","CUUR0300SA0",2004,"M03","March",180.1
"South","CUUR0300SA0",2004,"M04","April",180.9
"South","CUUR0300SA0",2004,"M05","May",182
"South","CUUR0300SA0",2004,"M06","June",182.9
"South","CUUR0300SA0",2004,"M07","July",182.6
"South","CUUR0300SA0",2004,"M08","August",182.6
"South","CUUR0300SA0",2004,"M09","September",182.8
"South","CUUR0300SA0",2004,"M10","October",183.7
"South","CUUR0300SA0",2004,"M11","November",183.7
"South","CUUR0300SA0",2004,"M12","December",183.3
"South","CUUR0300SA0",2005,"M01","January",183.6
"South","CUUR0300SA0",2005,"M02","February",184.7
"South","CUUR0300SA0",2005,"M03","March",185.9
"South","CUUR0300SA0",2005,"M04","April",187.3
"South","CUUR0300SA0",2005,"M05","May",187.3
"South","CUUR0300SA0",2005,"M06","June",187.8
"South","CUUR0300SA0",2005,"M07","July",188.5
"South","CUUR0300SA0",2005,"M08","August",189.4
"South","CUUR0300SA0",2005,"M09","September",192
"South","CUUR0300SA0",2005,"M10","October",192.5
"South","CUUR0300SA0",2005,"M11","November",190.7
"South","CUUR0300SA0",2005,"M12","December",190.1
"South","CUUR0300SA0",2006,"M01","January",191.5
"South","CUUR0300SA0",2006,"M02","February",191.8
"South","CUUR0300SA0",2006,"M03","March",192.8
"South","CUUR0300SA0",2006,"M04","April",194.7
"South","CUUR0300SA0",2006,"M05","May",195.5
"South","CUUR0300SA0",2006,"M06","June",196.3
"South","CUUR0300SA0",2006,"M07","July",197
"South","CUUR0300SA0",2006,"M08","August",197.1
"South","CUUR0300SA0",2006,"M09","September",195.8
"South","CUUR0300SA0",2006,"M10","October",194.7
"South","CUUR0300SA0",2006,"M11","November",194.3
"South","CUUR0300SA0",2006,"M12","December",194.8
"South","CUUR0300SA0",2007,"M01","January",195.021
"South","CUUR0300SA0",2007,"M02","February",195.95
"South","CUUR0300SA0",2007,"M03","March",197.904
"South","CUUR0300SA0",2007,"M04","April",199.618
"South","CUUR0300SA0",2007,"M05","May",200.804
"South","CUUR0300SA0",2007,"M06","June",201.675
"South","CUUR0300SA0",2007,"M07","July",201.571
"South","CUUR0300SA0",2007,"M08","August",201.041
"South","CUUR0300SA0",2007,"M09","September",201.697
"South","CUUR0300SA0",2007,"M10","October",202.155
"South","CUUR0300SA0",2007,"M11","November",203.437
"South","CUUR0300SA0",2007,"M12","December",203.457
"South","CUUR0300SA0",2008,"M01","January",204.51
"South","CUUR0300SA0",2008,"M02","February",205.06
"South","CUUR0300SA0",2008,"M03","March",206.676
"South","CUUR0300SA0",2008,"M04","April",208.085
"South","CUUR0300SA0",2008,"M05","May",210.006
"South","CUUR0300SA0",2008,"M06","June",212.324
"South","CUUR0300SA0",2008,"M07","July",213.304
"South","CUUR0300SA0",2008,"M08","August",212.387
"South","CUUR0300SA0",2008,"M09","September",212.65
"South","CUUR0300SA0",2008,"M10","October",210.108
"South","CUUR0300SA0",2008,"M11","November",205.559
"South","CUUR0300SA0",2008,"M12","December",203.501
"South","CUUR0300SA0",2009,"M01","January",204.288
"South","CUUR0300SA0",2009,"M02","February",205.343
"South","CUUR0300SA0",2009,"M03","March",206.001
"South","CUUR0300SA0",2009,"M04","April",206.657
"South","CUUR0300SA0",2009,"M05","May",207.265
"South","CUUR0300SA0",2009,"M06","June",209.343
"South","CUUR0300SA0",2009,"M07","July",208.819
"South","CUUR0300SA0",2009,"M08","August",209
"South","CUUR0300SA0",2009,"M09","September",208.912
"South","CUUR0300SA0",2009,"M10","October",209.292
"South","CUUR0300SA0",2009,"M11","November",209.738
"South","CUUR0300SA0",2009,"M12","December",209.476
"South","CUUR0300SA0",2010,"M01","January",210.056
"South","CUUR0300SA0",2010,"M02","February",210.02
"South","CUUR0300SA0",2010,"M03","March",211.216
"South","CUUR0300SA0",2010,"M04","April",211.528
"South","CUUR0300SA0",2010,"M05","May",211.423
"South","CUUR0300SA0",2010,"M06","June",211.232
"South","CUUR0300SA0",2010,"M07","July",210.988
"South","CUUR0300SA0",2010,"M08","August",211.308
"South","CUUR0300SA0",2010,"M09","September",211.775
"South","CUUR0300SA0",2010,"M10","October",212.026
"South","CUUR0300SA0",2010,"M11","November",211.996
"South","CUUR0300SA0",2010,"M12","December",212.488
"South","CUUR0300SA0",2011,"M01","January",213.589
"South","CUUR0300SA0",2011,"M02","February",214.735
"South","CUUR0300SA0",2011,"M03","March",217.214
"South","CUUR0300SA0",2011,"M04","April",218.82
"South","CUUR0300SA0",2011,"M05","May",219.82
"South","CUUR0300SA0",2011,"M06","June",219.318
"South","CUUR0300SA0",2011,"M07","July",219.682
"South","CUUR0300SA0",2011,"M08","August",220.471
"South","CUUR0300SA0",2011,"M09","September",220.371
"South","CUUR0300SA0",2011,"M10","October",219.969
"South","CUUR0300SA0",2011,"M11","November",219.961
"South","CUUR0300SA0",2011,"M12","December",219.469
"South","CUUR0300SA0",2012,"M01","January",220.497
"South","CUUR0300SA0",2012,"M02","February",221.802
"South","CUUR0300SA0",2012,"M03","March",223.314
"South","CUUR0300SA0",2012,"M04","April",224.275
"South","CUUR0300SA0",2012,"M05","May",223.356
"South","CUUR0300SA0",2012,"M06","June",223.004
"South","CUUR0300SA0",2012,"M07","July",222.667
"South","CUUR0300SA0",2012,"M08","August",223.919
"South","CUUR0300SA0",2012,"M09","September",225.052
"South","CUUR0300SA0",2012,"M10","October",224.504
"South","CUUR0300SA0",2012,"M11","November",223.404
"South","CUUR0300SA0",2012,"M12","December",223.109
"South","CUUR0300SA0",2013,"M01","January",223.933
"South","CUUR0300SA0",2013,"M02","February",225.874
"South","CUUR0300SA0",2013,"M03","March",226.628
"South","CUUR0300SA0",2013,"M04","April",226.202
"South","CUUR0300SA0",2013,"M05","May",226.289
"South","CUUR0300SA0",2013,"M06","June",227.148
"South","CUUR0300SA0",2013,"M07","July",227.548
"South","CUUR0300SA0",2013,"M08","August",227.837
"South","CUUR0300SA0",2013,"M09","September",227.876
"South","CUUR0300SA0",2013,"M10","October",227.42
"South","CUUR0300SA0",2013,"M11","November",226.811
"South","CUUR0300SA0",2013,"M12","December",227.082
"South","CUUR0300SA0",2014,"M01","January",227.673
"South","CUUR0300SA0",2014,"M02","February",228.664
"South","CUUR0300SA0",2014,"M03","March",230.095
"South","CUUR0300SA0",2014,"M04","April",231.346
"South","CUUR0300SA0",2014,"M05","May",231.762
"South","CUUR0300SA0",2014,"M06","June",232.269
"South","CUUR0300SA0",2014,"M07","July",232.013
"South","CUUR0300SA0",2014,"M08","August",231.611
"South","CUUR0300SA0",2014,"M09","September",231.762
"South","CUUR0300SA0",2014,"M10","October",231.131
"South","CUUR0300SA0",2014,"M11","November",229.845
"South","CUUR0300SA0",2014,"M12","December",228.451
"South","CUUR0300SA0",2015,"M01","January",226.855
"South","CUUR0300SA0",2015,"M02","February",227.944
"South","CUUR0300SA0",2015,"M03","March",229.337
"South","CUUR0300SA0",2015,"M04","April",229.957
"South","CUUR0300SA0",2015,"M05","May",230.886
"South","CUUR0300SA0",2015,"M06","June",232.026
"South","CUUR0300SA0",2015,"M07","July",231.719
"South","CUUR0300SA0",2015,"M08","August",231.26
"South","CUUR0300SA0",2015,"M09","September",230.913
"South","CUUR0300SA0",2015,"M10","October",230.86
"South","CUUR0300SA0",2015,"M11","November",230.422
"South","CUUR0300SA0",2015,"M12","December",229.581
"South","CUUR0300SA0",2016,"M01","January",229.469
"South","CUUR0300SA0",2016,"M02","February",229.646
"South","CUUR0300SA0",2016,"M03","March",230.977
"South","CUUR0300SA0",2016,"M04","April",231.975
"South","CUUR0300SA0",2016,"M05","May",232.906
"South","CUUR0300SA0",2016,"M06","June",233.838
"South","CUUR0300SA0",2016,"M07","July",233.292
"South","CUUR0300SA0",2016,"M08","August",233.561
"South","CUUR0300SA0",2016,"M09","September",234.069
"South","CUUR0300SA0",2016,"M10","October",234.337
"South","CUUR0300SA0",2016,"M11","November",234.029
"South","CUUR0300SA0",2016,"M12","December",234.204
"South","CUUR0300SA0",2017,"M01","January",235.492
"South","CUUR0300SA0",2017,"M02","February",236.052
"South","CUUR0300SA0",2017,"M03","March",236.154
"South","CUUR0300SA0",2017,"M04","April",236.728
"South","CUUR0300SA0",2017,"M05","May",236.774
"South","CUUR0300SA0",2017,"M06","June",237.346
"South","CUUR0300SA0",2017,"M07","July",236.942
"South","CUUR0300SA0",2017,"M08","August",237.892
"South","CUUR0300SA0",2017,"M09","September",239.649
"South","CUUR0300SA0",2017,"M10","October",239.067
"South","CUUR0300SA0",2017,"M11","November",238.861
"South","CUUR0300SA0",2017,"M12","December",238.512
"South","CUUR0300SA0",2018,"M01","January",239.772
"South","CUUR0300SA0",2018,"M02","February",241.123
"South","CUUR0300SA0",2018,"M03","March",241.595
"South","CUUR0300SA0",2018,"M04","April",242.486
"South","CUUR0300SA0",2018,"M05","May",243.279
"South","CUUR0300SA0",2018,"M06","June",243.77
"South","CUUR0300SA0",2018,"M07","July",243.776
"South","CUUR0300SA0",2018,"M08","August",243.605
"South","CUUR0300SA0",2018,"M09","September",243.64
"South","CUUR0300SA0",2018,"M10","October",244.163
"South","CUUR0300SA0",2018,"M11","November",243.484
"South","CUUR0300SA0",2018,"M12","December",242.15
"South","CUUR0300SA0",2019,"M01","January",242.547
"South","CUUR0300SA0",2019,"M02","February",243.856
"South","CUUR0300SA0",2019,"M03","March",245.554
"South","CUUR0300SA0",2019,"M04","April",246.847
"South","CUUR0300SA0",2019,"M05","May",246.667
"South","CUUR0300SA0",2019,"M06","June",246.515
"South","CUUR0300SA0",2019,"M07","July",247.25
"South","CUUR0300SA0",2019,"M08","August",246.953
"South","CUUR0300SA0",2019,"M09","September",246.891
"South","CUUR0300SA0",2019,"M10","October",247.423
"South","CUUR0300SA0",2019,"M11","November",247.385
"South","CUUR0300SA0",2019,"M12","December",247.289
"South","CUUR0300SA0",2020,"M01","January",248.005
"South","CUUR0300SA0",2020,"M02","February",248.412
"South","CUUR0300SA0",2020,"M03","March",248.136
"South","CUUR0300SA0",2020,"M04","April",246.254
"South","CUUR0300SA0",2020,"M05","May",245.696
"South","CUUR0300SA0",2020,"M06","June",247.223
"South","CUUR0300SA0",2020,"M07","July",248.619
"South","CUUR0300SA0",2020,"M08","August",249.639
"South","CUUR0300SA0",2020,"M09","September",250.193
"South","CUUR0300SA0",2020,"M10","October",250.542
"South","CUUR0300SA0",2020,"M11","November",250.255
"South","CUUR0300SA0",2020,"M12","December",250.693
"South","CUUR0300SA0",2021,"M01","January",252.067
"South","CUUR0300SA0",2021,"M02","February",253.386
"South","CUUR0300SA0",2021,"M03","March",255.319
"South","CUUR0300SA0",2021,"M04","April",257.207
"South","CUUR0300SA0",2021,"M05","May",259.343
"South","CUUR0300SA0",2021,"M06","June",261.668
"South","CUUR0300SA0",2021,"M07","July",263.013
"South","CUUR0300SA0",2021,"M08","August",263.728
"South","CUUR0300SA0",2021,"M09","September",264.593
"South","CUUR0300SA0",2021,"M10","October",267.16
"South","CUUR0300SA0",2021,"M11","November",268.36
"South","CUUR0300SA0",2021,"M12","December",269.263
"South","CUUR0300SA0",2022,"M01","January",271.634
"South","CUUR0300SA0",2022,"M02","February",274.688
"South","CUUR0300SA0",2022,"M03","March",278.598
"South","CUUR0300SA0",2022,"M04","April",279.879
"South","CUUR0300SA0",2022,"M05","May",283.307
"South","CUUR0300SA0",2022,"M06","June",287.427
"South","CUUR0300SA0",2022,"M07","July",287.608
"South","CUUR0300SA0",2022,"M08","August",287.168
"South","CUUR0300SA0",2022,"M09","September",287.656
"South","CUUR0300SA0",2022,"M10","October",288.836
"South","CUUR0300SA0",2022,"M11","November",288.991
"South","CUUR0300SA0",2022,"M12","December",288.205
"South","CUUR0300SA0",2023,"M01","January",290.438
"South","CUUR0300SA0",2023,"M02","February",292.285
"South","CUUR0300SA0",2023,"M03","March",293.358
"South","CUUR0300SA0",2023,"M04","April",295.315
"South","CUUR0300SA0",2023,"M05","May",295.889
"South","CUUR0300SA0",2023,"M06","June",296.789
"South","CUUR0300SA0",2023,"M07","July",297.279
"South","CUUR0300SA0",2023,"M08","August",298.975
"South","CUUR0300SA0",2023,"M09","September",299.657
"South","CUUR0300SA0",2023,"M10","October",299.394
"South","CUUR0300SA0",2023,"M11","November",298.93
"South","CUUR0300SA0",2023,"M12","December",298.754
"South","CUUR0300SA0",2024,"M01","January",300.421
"South","CUUR0300SA0",2024,"M02","February",303.144
"South","CUUR0300SA0",2024,"M03","March",304.49
"South","CUUR0300SA0",2024,"M04","April",305.104
"South","CUUR0300SA0",2024,"M05","May",305.296
"South","CUUR0300SA0",2024,"M06","June",305.357
"South","CUUR0300SA0",2024,"M07","July",305.819
"South","CUUR0300SA0",2024,"M08","August",305.761
"South","CUUR0300SA0",2024,"M09","September",306.078
"South","CUUR0300SA0",2024,"M10","October",306.889
"South","CUUR0300SA0",2024,"M11","November",306.877
"South","CUUR0300SA0",2024,"M12","December",307.007
"West","CUUR0400SA0",2000,"M01","January",171
"West","CUUR0400SA0",2000,"M02","February",172
"West","CUUR0400SA0",2000,"M03","March",173.5
"West","CUUR0400SA0",2000,"M04","April",173.7
"West","CUUR0400SA0",2000,"M05","May",174
"West","CUUR0400SA0",2000,"M06","June",174.3
"West","CUUR0400SA0",2000,"M07","July",175.2
"West","CUUR0400SA0",2000,"M08","August",175.9
"West","CUUR0400SA0",2000,"M09","September",176.6
"West","CUUR0400SA0",2000,"M10","October",177.2
"West","CUUR0400SA0",2000,"M11","November",177.2
"West","CUUR0400SA0",2000,"M12","December",177.1
"West","CUUR0400SA0",2001,"M01","January",178.3
"West","CUUR0400SA0",2001,"M02","February",179.3
"West","CUUR0400SA0",2001,"M03","March",180.1
"West","CUUR0400SA0",2001,"M04","April",180.4
"West","CUUR0400SA0",2001,"M05","May",181.3
"West","CUUR0400SA0",2001,"M06","June",182
"West","CUUR0400SA0",2001,"M07","July",182
"West","CUUR0400SA0",2001,"M08","August",181.9
"West","CUUR0400SA0",2001,"M09","September",182.5
"West","CUUR0400SA0",2001,"M10","October",182.5
"West","CUUR0400SA0",2001,"M11","November",182.3
"West","CUUR0400SA0",2001,"M12","December",181.6
"West","CUUR0400SA0",2002,"M01","January",182.4
"West","CUUR0400SA0",2002,"M02","February",183.2
"West","CUUR0400SA0",2002,"M03","March",184
"West","CUUR0400SA0",2002,"M04","April",185.1
"West","CUUR0400SA0",2002,"M05","May",184.8
"West","CUUR0400SA0",2002,"M06","June",184.5
"West","CUUR0400SA0",2002,"M07","July",184.7
"West","CUUR0400SA0",2002,"M08","August",185.3
"West","CUUR0400SA0",2002,"M09","September",185.7
"West","CUUR0400SA0",2002,"M10","October",185.8
"West","CUUR0400SA0",2002,"M11","November",185.8
"West","CUUR0400SA0",2002,"M12","December",185.5
"West","CUUR0400SA0",2003,"M01","January",186.6
"West","CUUR0400SA0",2003,"M02","February",188.1
"West","CUUR0400SA0",2003,"M03","March",189.3
"West","CUUR0400SA0",2003,"M04","April",188.8
"West","CUUR0400SA0",2003,"M05","May",188.5
"West","CUUR0400SA0",2003,"M06","June",188.1
"West","CUUR0400SA0",2003,"M07","July",188.4
"West","CUUR0400SA0",2003,"M08","August",189.2
"West","CUUR0400SA0",2003,"M09","September",189.6
"West","CUUR0400SA0",2003,"M10","October",189.4
"West","CUUR0400SA0",2003,"M11","November",188.5
"West","CUUR0400SA0",2003,"M12","December",188.3
"West","CUUR0400SA0",2004,"M01","January",189.4
"West","CUUR0400SA0",2004,"M02","February",190.8
"West","CUUR0400SA0",2004,"M03","March",192.2
"West","CUUR0400SA0",2004,"M04","April",192.3
"West","CUUR0400SA0",2004,"M05","May",193.4
"West","CUUR0400SA0",2004,"M06","June",193.3
"West","CUUR0400SA0",2004,"M07","July",192.9
"West","CUUR0400SA0",2004,"M08","August",193
"West","CUUR0400SA0",2004,"M09","September",193.8
"West","CUUR0400SA0",2004,"M10","October",195
"West","CUUR0400SA0",2004,"M11","November",195.1
"West","CUUR0400SA0",2004,"M12","December",194.2
"West","CUUR0400SA0",2005,"M01","January",194.5
"West","CUUR0400SA0",2005,"M02","February",195.7
"West","CUUR0400SA0",2005,"M03","March",197.1
"West","CUUR0400SA0",2005,"M04","April",198.6
"West","CUUR0400SA0",2005,"M05","May",198.8
"West","CUUR0400SA0",2005,"M06","June",198
"West","CUUR0400SA0",2005,"M07","July",198.6
"West","CUUR0400SA0",2005,"M08","August",199.6
"West","CUUR0400SA0",2005,"M09","September",201.7
"West","CUUR0400SA0",2005,"M10","October",202.6
"West","CUUR0400SA0",2005,"M11","November",201.4
"West","CUUR0400SA0",2005,"M12","December",200
"West","CUUR0400SA0",2006,"M01","January",201.7
"West","CUUR0400SA0",2006,"M02","February",202.7
"West","CUUR0400SA0",2006,"M03","March",203.8
"West","CUUR0400SA0",2006,"M04","April",205.3
"West","CUUR0400SA0",2006,"M05","May",206.9
"West","CUUR0400SA0",2006,"M06","June",206.4
"West","CUUR0400SA0",2006,"M07","July",206.7
"West","CUUR0400SA0",2006,"M08","August",207.5
"West","CUUR0400SA0",2006,"M09","September",207.8
"West","CUUR0400SA0",2006,"M10","October",207.1
"West","CUUR0400SA0",2006,"M11","November",206.3
"West","CUUR0400SA0",2006,"M12","December",206.2
"West","CUUR0400SA0",2007,"M01","January",207.79
"West","CUUR0400SA0",2007,"M02","February",208.995
"West","CUUR0400SA0",2007,"M03","March",210.778
"West","CUUR0400SA0",2007,"M04","April",212.036
"West","CUUR0400SA0",2007,"M05","May",213.063
"West","CUUR0400SA0",2007,"M06","June",212.68
"West","CUUR0400SA0",2007,"M07","July",212.542
"West","CUUR0400SA0",2007,"M08","August",212.406
"West","CUUR0400SA0",2007,"M09","September",212.92
"West","CUUR0400SA0",2007,"M10","October",213.917
"West","CUUR0400SA0",2007,"M11","November",214.904
"West","CUUR0400SA0",2007,"M12","December",214.733
"West","CUUR0400SA0",2008,"M01","January",215.739
"West","CUUR0400SA0",2008,"M02","February",216.339
"West","CUUR0400SA0",2008,"M03","March",218.533
"West","CUUR0400SA0",2008,"M04","April",219.437
"West","CUUR0400SA0",2008,"M05","May",221.009
"West","CUUR0400SA0",2008,"M06","June",223.04
"West","CUUR0400SA0",2008,"M07","July",223.867
"West","CUUR0400SA0",2008,"M08","August",222.823
"West","CUUR0400SA0",2008,"M09","September",222.132
"West","CUUR0400SA0",2008,"M10","October",221.034
"West","CUUR0400SA0",2008,"M11","November",217.113
"West","CUUR0400SA0",2008,"M12","December",214.685
"West","CUUR0400SA0",2009,"M01","January",215.923
"West","CUUR0400SA0",2009,"M02","February",217.095
"West","CUUR0400SA0",2009,"M03","March",217.357
"West","CUUR0400SA0",2009,"M04","April",217.91
"West","CUUR0400SA0",2009,"M05","May",218.567
"West","CUUR0400SA0",2009,"M06","June",219.865
"West","CUUR0400SA0",2009,"M07","July",219.484
"West","CUUR0400SA0",2009,"M08","August",219.884
"West","CUUR0400SA0",2009,"M09","September",220.294
"West","CUUR0400SA0",2009,"M10","October",220.447
"West","CUUR0400SA0",2009,"M11","November",219.728
"West","CUUR0400SA0",2009,"M12","December",219.307
"West","CUUR0400SA0",2010,"M01","January",219.989
"West","CUUR0400SA0",2010,"M02","February",220.179
"West","CUUR0400SA0",2010,"M03","March",220.809
"West","CUUR0400SA0",2010,"M04","April",221.202
"West","CUUR0400SA0",2010,"M05","May",221.417
"West","CUUR0400SA0",2010,"M06","June",221.147
"West","CUUR0400SA0",2010,"M07","July",221.331
"West","CUUR0400SA0",2010,"M08","August",221.523
"West","CUUR0400SA0",2010,"M09","September",221.384
"West","CUUR0400SA0",2010,"M10","October",221.708
"West","CUUR0400SA0",2010,"M11","November",221.671
"West","CUUR0400SA0",2010,"M12","December",222.081
"West","CUUR0400SA0",2011,"M01","January",223.149
"West","CUUR0400SA0",2011,"M02","February",224.431
"West","CUUR0400SA0",2011,"M03","March",226.558
"West","CUUR0400SA0",2011,"M04","April",227.837
"West","CUUR0400SA0",2011,"M05","May",228.516
"West","CUUR0400SA0",2011,"M06","June",228.075
"West","CUUR0400SA0",2011,"M07","July",227.805
"West","CUUR0400SA0",2011,"M08","August",228.222
"West","CUUR0400SA0",2011,"M09","September",229.147
"West","CUUR0400SA0",2011,"M10","October",229.195
"West","CUUR0400SA0",2011,"M11","November",228.771
"West","CUUR0400SA0",2011,"M12","December",228.117
"West","CUUR0400SA0",2012,"M01","January",228.98
"West","CUUR0400SA0",2012,"M02","February",229.995
"West","CUUR0400SA0",2012,"M03","March",232.039
"West","CUUR0400SA0",2012,"M04","April",232.561
"West","CUUR0400SA0",2012,"M05","May",233.053
"West","CUUR0400SA0",2012,"M06","June",232.701
"West","CUUR0400SA0",2012,"M07","July",231.893
"West","CUUR0400SA0",2012,"M08","August",233.001
"West","CUUR0400SA0",2012,"M09","September",234.083
"West","CUUR0400SA0",2012,"M10","October",234.966
"West","CUUR0400SA0",2012,"M11","November",233.206
"West","CUUR0400SA0",2012,"M12","December",232.029
"West","CUUR0400SA0",2013,"M01","January",232.759
"West","CUUR0400SA0",2013,"M02","February",234.595
"West","CUUR0400SA0",2013,"M03","March",235.511
"West","CUUR0400SA0",2013,"M04","April",235.488
"West","CUUR0400SA0",2013,"M05","May",235.979
"West","CUUR0400SA0",2013,"M06","June",236.227
"West","CUUR0400SA0",2013,"M07","July",236.341
"West","CUUR0400SA0",2013,"M08","August",236.591
"West","CUUR0400SA0",2013,"M09","September",237.146
"West","CUUR0400SA0",2013,"M10","October",237
"West","CUUR0400SA0",2013,"M11","November",236.153
"West","CUUR0400SA0",2013,"M12","December",236.096
"West","CUUR0400SA0",2014,"M01","January",236.707
"West","CUUR0400SA0",2014,"M02","February",237.614
"West","CUUR0400SA0",2014,"M03","March",239.092
"West","CUUR0400SA0",2014,"M04","April",239.808
"West","CUUR0400SA0",2014,"M05","May",241.35
"West","CUUR0400SA0",2014,"M06","June",241.616
"West","CUUR0400SA0",2014,"M07","July",241.85
"West","CUUR0400SA0",2014,"M08","August",241.66
"West","CUUR0400SA0",2014,"M09","September",241.92
"West","CUUR0400SA0",2014,"M10","October",241.65
"West","CUUR0400SA0",2014,"M11","November",240.22
"West","CUUR0400SA0",2014,"M12","December",239.095
"West","CUUR0400SA0",2015,"M01","January",238.318
"West","CUUR0400SA0",2015,"M02","February",239.748
"West","CUUR0400SA0",2015,"M03","March",241.69
"West","CUUR0400SA0",2015,"M04","April",242.302
"West","CUUR0400SA0",2015,"M05","May",244.227
"West","CUUR0400SA0",2015,"M06","June",244.332
"West","CUUR0400SA0",2015,"M07","July",245.04
"West","CUUR0400SA0",2015,"M08","August",244.737
"West","CUUR0400SA0",2015,"M09","September",244.257
"West","CUUR0400SA0",2015,"M10","October",244.341
"West","CUUR0400SA0",2015,"M11","November",243.749
"West","CUUR0400SA0",2015,"M12","December",243.434
"West","CUUR0400SA0",2016,"M01","January",244.6
"West","CUUR0400SA0",2016,"M02","February",244.821
"West","CUUR0400SA0",2016,"M03","March",245.404
"West","CUUR0400SA0",2016,"M04","April",246.589
"West","CUUR0400SA0",2016,"M05","May",247.855
"West","CUUR0400SA0",2016,"M06","June",248.228
"West","CUUR0400SA0",2016,"M07","July",248.375
"West","CUUR0400SA0",2016,"M08","August",248.498
"West","CUUR0400SA0",2016,"M09","September",249.234
"West","CUUR0400SA0",2016,"M10","October",249.897
"West","CUUR0400SA0",2016,"M11","November",249.448
"West","CUUR0400SA0",2016,"M12","December",249.516
"West","CUUR0400SA0",2017,"M01","January",250.814
"West","CUUR0400SA0",2017,"M02","February",252.252
"West","CUUR0400SA0",2017,"M03","March",252.949
"West","CUUR0400SA0",2017,"M04","April",253.806
"West","CUUR0400SA0",2017,"M05","May",254.38
"West","CUUR0400SA0",2017,"M06","June",254.469
"West","CUUR0400SA0",2017,"M07","July",254.708
"West","CUUR0400SA0",2017,"M08","August",255.282
"West","CUUR0400SA0",2017,"M09","September",256.504
"West","CUUR0400SA0",2017,"M10","October",257.223
"West","CUUR0400SA0",2017,"M11","November",257.126
"West","CUUR0400SA0",2017,"M12","December",257.347
"West","CUUR0400SA0",2018,"M01","January",258.638
"West","CUUR0400SA0",2018,"M02","February",259.986
"West","CUUR0400SA0",2018,"M03","March",260.994
"West","CUUR0400SA0",2018,"M04","April",262.037
"West","CUUR0400SA0",2018,"M05","May",263.24
"West","CUUR0400SA0",2018,"M06","June",263.732
"West","CUUR0400SA0",2018,"M07","July",263.971
"West","CUUR0400SA0",2018,"M08","August",264.395
"West","CUUR0400SA0",2018,"M09","September",265.105
"West","CUUR0400SA0",2018,"M10","October",266.195
"West","CUUR0400SA0",2018,"M11","November",265.658
"West","CUUR0400SA0",2018,"M12","December",265.209
"West","CUUR0400SA0",2019,"M01","January",265.624
"West","CUUR0400SA0",2019,"M02","February",266.215
"West","CUUR0400SA0",2019,"M03","March",267.37
"West","CUUR0400SA0",2019,"M04","April",269.522
"West","CUUR0400SA0",2019,"M05","May",270.88
"West","CUUR0400SA0",2019,"M06","June",270.957
"West","CUUR0400SA0",2019,"M07","July",271.029
"West","CUUR0400SA0",2019,"M08","August",271.264
"West","CUUR0400SA0",2019,"M09","September",272.102
"West","CUUR0400SA0",2019,"M10","October",273.524
"West","CUUR0400SA0",2019,"M11","November",273.128
"West","CUUR0400SA0",2019,"M12","December",272.584
"West","CUUR0400SA0",2020,"M01","January",273.34
"West","CUUR0400SA0",2020,"M02","February",274.412
"West","CUUR0400SA0",2020,"M03","March",273.995
"West","CUUR0400SA0",2020,"M04","April",272.913
"West","CUUR0400SA0",2020,"M05","May",273.062
"West","CUUR0400SA0",2020,"M06","June",274.155
"West","CUUR0400SA0",2020,"M07","July",275.597
"West","CUUR0400SA0",2020,"M08","August",276.443
"West","CUUR0400SA0",2020,"M09","September",276.422
"West","CUUR0400SA0",2020,"M10","October",276.876
"West","CUUR0400SA0",2020,"M11","November",276.875
"West","CUUR0400SA0",2020,"M12","December",276.593
"West","CUUR0400SA0",2021,"M01","January",277.238
"West","CUUR0400SA0",2021,"M02","February",278.702
"West","CUUR0400SA0",2021,"M03","March",280.625
"West","CUUR0400SA0",2021,"M04","April",283.507
"West","CUUR0400SA0",2021,"M05","May",285.793
"West","CUUR0400SA0",2021,"M06","June",288.263
"West","CUUR0400SA0",2021,"M07","July",289.863
"West","CUUR0400SA0",2021,"M08","August",290.393
"West","CUUR0400SA0",2021,"M09","September",291.053
"West","CUUR0400SA0",2021,"M10","October",293.397
"West","CUUR0400SA0",2021,"M11","November",294.986
"West","CUUR0400SA0",2021,"M12","December",296.102
"West","CUUR0400SA0",2022,"M01","January",298.705
"West","CUUR0400SA0",2022,"M02","February",301.158
"West","CUUR0400SA0",2022,"M03","March",305.082
"West","CUUR0400SA0",2022,"M04","April",307.145
"West","CUUR0400SA0",2022,"M05","May",309.645
"West","CUUR0400SA0",2022,"M06","June",313.496
"West","CUUR0400SA0",2022,"M07","July",313.951
"West","CUUR0400SA0",2022,"M08","August",314.013
"West","CUUR0400SA0",2022,"M09","September",315.094
"West","CUUR0400SA0",2022,"M10","October",317.299
"West","CUUR0400SA0",2022,"M11","November",315.919
"West","CUUR0400SA0",2022,"M12","December",314.599
"West","CUUR0400SA0",2023,"M01","January",317.477
"West","CUUR0400SA0",2023,"M02","February",319.13
"West","CUUR0400SA0",2023,"M03","March",320.715
"West","CUUR0400SA0",2023,"M04","April",322.187
"West","CUUR0400SA0",2023,"M05","May",323.525
"West","CUUR0400SA0",2023,"M06","June",324.448
"West","CUUR0400SA0",2023,"M07","July",324.865
"West","CUUR0400SA0",2023,"M08","August",326.234
"West","CUUR0400SA0",2023,"M09","September",327.491
"West","CUUR0400SA0",2023,"M10","October",327.708
"West","CUUR0400SA0",2023,"M11","November",326.299
"West","CUUR0400SA0",2023,"M12","December",325.932
"West","CUUR0400SA0",2024,"M01","January",328.053
"West","CUUR0400SA0",2024,"M02","February",329.339
"West","CUUR0400SA0",2024,"M03","March",332.202
"West","CUUR0400SA0",2024,"M04","April",334.05
"West","CUUR0400SA0",2024,"M05","May",334.292
"West","CUUR0400SA0",2024,"M06","June",333.662
"West","CUUR0400SA0",2024,"M07","July",333.174
"West","CUUR0400SA0",2024,"M08","August",333.442
"West","CUUR0400SA0",2024,"M09","September",334.265
"West","CUUR0400SA0",2024,"M10","October",334.558
"West","CUUR0400SA0",2024,"M11","November",334.218
"West","CUUR0400SA0",2024,"M12","December",334.084
