election_year,state,state_po,GEOID,dem_votes,rep_votes,two_party_votes,dem_share,rep_share,dem_margin,winner_party,dem_pct,rep_pct,previous_dem_pct,previous_rep_pct,dem_shift,rep_shift,margin_shift
2008,ALASKA,AK,00002,123594,193841,317435,0.389352150834029,0.610647849165971,-22.129569833194203,Republican,38.9352150834029,61.064784916597105,NA,NA,NA,NA,NA
2012,ALASKA,AK,00002,122640,164676,287316,0.4268470951843963,0.5731529048156038,-14.63058096312075,Republican,42.684709518439625,57.315290481560375,38.9352150834029,61.064784916597105,3.7494944350367234,-3.7494944350367305,7.498988870073454
2016,ALASKA,AK,00002,116454,163387,279841,0.4161434528893193,0.5838565471106807,-16.77130942213614,Republican,41.61434528893193,58.38565471106807,42.684709518439625,57.315290481560375,-1.070364229507696,1.070364229507696,-2.140728459015392
2020,ALASKA,AK,00002,153778,189951,343729,0.4473815127615069,0.5526184872384932,-10.52369744769863,Republican,44.73815127615069,55.26184872384932,41.61434528893193,58.38565471106807,3.123805987218759,-3.123805987218752,6.247611974437511
2024,ALASKA,AK,00002,140026,184458,324484,0.43153437457625027,0.5684656254237497,-13.693125084749944,Republican,43.153437457625024,56.84656254237497,44.73815127615069,55.26184872384932,-1.584713818525664,1.5847138185256497,-3.1694276370513137
2008,ALABAMA,AL,00001,813479,1266546,2080025,0.39109097246427327,0.6089090275357267,-21.78180550714535,Republican,39.109097246427325,60.890902753572675,NA,NA,NA,NA,NA
2012,ALABAMA,AL,00001,795696,1255925,2051621,0.38783771466562295,0.6121622853343771,-22.432457066875422,Republican,38.78377146656229,61.216228533437715,39.109097246427325,60.890902753572675,-0.3253257798650324,0.3253257798650395,-0.6506515597300719
2016,ALABAMA,AL,00001,729547,1318255,2047802,0.3562585640603926,0.6437414359396074,-28.748287187921477,Republican,35.62585640603926,64.37414359396074,38.78377146656229,61.216228533437715,-3.157915060523031,3.157915060523024,-6.315830121046055
2020,ALABAMA,AL,00001,849624,1441170,2290794,0.3708862516664528,0.6291137483335473,-25.82274966670945,Republican,37.08862516664528,62.91137483335473,35.62585640603926,64.37414359396074,1.4627687606060178,-1.4627687606060107,2.9255375212120285
2024,ALABAMA,AL,00001,772412,1462616,2235028,0.3455938807030605,0.6544061192969395,-30.881223859387894,Republican,34.55938807030605,65.44061192969394,37.08862516664528,62.91137483335473,-2.52923709633923,2.529237096339216,-5.058474192678446
2008,ARKANSAS,AR,00005,422310,638017,1060327,0.3982827938928274,0.6017172061071726,-20.343441221434517,Republican,39.82827938928274,60.17172061071726,NA,NA,NA,NA,NA
2012,ARKANSAS,AR,00005,394409,647744,1042153,0.3784559464877038,0.6215440535122961,-24.308810702459233,Republican,37.84559464877038,62.15440535122961,39.82827938928274,60.17172061071726,-1.9826847405123615,1.9826847405123544,-3.965369481024716
2016,ARKANSAS,AR,00005,380494,684872,1065366,0.35714862310229534,0.6428513768977047,-28.57027537954093,Republican,35.714862310229535,64.28513768977047,37.84559464877038,62.15440535122961,-2.130732338540845,2.1307323385408523,-4.2614646770816975
2020,ARKANSAS,AR,00005,423932,760647,1184579,0.3578756672201685,0.6421243327798315,-28.424866555966304,Republican,35.78756672201685,64.21243327798315,35.714862310229535,64.28513768977047,0.07270441178731346,-0.07270441178731346,0.14540882357462692
2024,ARKANSAS,AR,00005,396905,759241,1156146,0.3433000676385162,0.6566999323614837,-31.33998647229675,Republican,34.33000676385162,65.66999323614837,35.78756672201685,64.21243327798315,-1.457559958165227,1.4575599581652199,-2.915119916330447
2008,ARIZONA,AZ,00004,1034707,1230111,2264818,0.4568609928038368,0.5431390071961633,-8.627801439232648,Republican,45.68609928038368,54.31390071961633,NA,NA,NA,NA,NA
2012,ARIZONA,AZ,00004,1025232,1233654,2258886,0.4538661977629681,0.5461338022370319,-9.226760447406377,Republican,45.38661977629681,54.61338022370319,45.68609928038368,54.31390071961633,-0.2994795040868681,0.29947950408686097,-0.598959008173729
2016,ARIZONA,AZ,00004,1161209,1252401,2413610,0.481108795538633,0.518891204461367,-3.778240892273409,Republican,48.1108795538633,51.88912044613671,45.38661977629681,54.61338022370319,2.7242597775664876,-2.7242597775664805,5.448519555132968
2020,ARIZONA,AZ,00004,1672143,1661686,3333829,0.5015683167912931,0.49843168320870684,0.3136633582586299,Democratic,50.15683167912931,49.84316832087068,48.1108795538633,51.88912044613671,2.0459521252660124,-2.0459521252660267,4.091904250532039
2024,ARIZONA,AZ,00004,1582860,1770242,3353102,0.47205841039133317,0.5279415896086669,-5.5883179217333705,Republican,47.20584103913332,52.79415896086669,50.15683167912931,49.84316832087068,-2.950990639995993,2.9509906399960073,-5.901981279992
2008,CALIFORNIA,CA,00006,8274473,5011781,13286254,0.622784495915854,0.3772155040841459,24.55689918317082,Democratic,62.27844959158541,37.721550408414586,NA,NA,NA,NA,NA
2012,CALIFORNIA,CA,00006,7854285,4839958,12694243,0.6187281116329663,0.3812718883670338,23.745622326593242,Democratic,61.872811163296625,38.12718883670338,62.27844959158541,37.721550408414586,-0.40563842828878194,0.40563842828879615,-0.8112768565775781
2016,CALIFORNIA,CA,00006,8753788,4483810,13237598,0.6612822054272989,0.3387177945727012,32.25644108545978,Democratic,66.12822054272989,33.871779457270115,61.872811163296625,38.12718883670338,4.255409379433267,-4.255409379433267,8.510818758866534
2020,CALIFORNIA,CA,00006,11110250,6006429,17116679,0.6490891136066756,0.3509108863933243,29.817822721335133,Democratic,64.90891136066756,35.091088639332426,66.12822054272989,33.871779457270115,-1.2193091820623323,1.219309182062311,-2.4386183641246433
2024,CALIFORNIA,CA,00006,9276179,6081697,15357876,0.6040014257179834,0.3959985742820166,20.800285143596682,Democratic,60.40014257179834,39.59985742820166,64.90891136066756,35.091088639332426,-4.508768788869219,4.508768788869233,-9.017537577738452
2008,COLORADO,CO,00008,1288576,1073589,2362165,0.5455063469317343,0.4544936530682658,9.10126938634685,Democratic,54.55063469317343,45.44936530682658,NA,NA,NA,NA,NA
2012,COLORADO,CO,00008,1323101,1185243,2508344,0.5274798831420252,0.47252011685797485,5.495976628405039,Democratic,52.74798831420252,47.252011685797484,54.55063469317343,45.44936530682658,-1.8026463789709055,1.8026463789709055,-3.605292757941811
2016,COLORADO,CO,00008,1338870,1202484,2541354,0.5268333337268244,0.47316666627317566,5.366666745364874,Democratic,52.68333337268244,47.316666627317566,52.74798831420252,47.252011685797484,-0.06465494152008233,0.06465494152008233,-0.12930988304016466
2020,COLORADO,CO,00008,1804352,1364607,3168959,0.5693831949230015,0.43061680507699845,13.876638984600305,Democratic,56.93831949230015,43.06168050769985,52.68333337268244,47.316666627317566,4.254986119617712,-4.254986119617719,8.509972239235431
2024,COLORADO,CO,00008,1728159,1377441,3105600,0.5564654173106646,0.4435345826893354,11.29308346213292,Democratic,55.646541731066456,44.35345826893354,56.93831949230015,43.06168050769985,-1.2917777612336963,1.2917777612336891,-2.5835555224673854
2008,CONNECTICUT,CT,00009,997772,629428,1627200,0.6131833824975418,0.3868166175024582,22.636676499508354,Democratic,61.31833824975418,38.68166175024582,NA,NA,NA,NA,NA
2012,CONNECTICUT,CT,00009,905083,634892,1539975,0.587725774769071,0.41227422523092905,17.54515495381419,Democratic,58.772577476907095,41.227422523092905,61.31833824975418,38.68166175024582,-2.545760772847082,2.545760772847082,-5.091521545694164
2016,CONNECTICUT,CT,00009,897572,673215,1570787,0.5714154751726364,0.4285845248273636,14.283095034527271,Democratic,57.14154751726363,42.85845248273636,58.772577476907095,41.227422523092905,-1.6310299596434632,1.631029959643456,-3.2620599192869193
2020,CONNECTICUT,CT,00009,1080831,714717,1795548,0.6019504908807785,0.39804950911922155,20.39009817615569,Democratic,60.195049088077845,39.804950911922155,57.14154751726363,42.85845248273636,3.0535015708142126,-3.0535015708142055,6.107003141628418
2024,CONNECTICUT,CT,00009,992053,736918,1728971,0.5737823248625917,0.4262176751374083,14.756464972518337,Democratic,57.37823248625917,42.621767513740835,60.195049088077845,39.804950911922155,-2.8168166018186724,2.8168166018186795,-5.633633203637352
2008,DISTRICT OF COLUMBIA,DC,00011,245800,17367,263167,0.9340076833341566,0.06599231666584336,86.80153666683134,Democratic,93.40076833341567,6.599231666584336,NA,NA,NA,NA,NA
2012,DISTRICT OF COLUMBIA,DC,00011,267070,21381,288451,0.9258764920211752,0.07412350797882483,85.17529840423504,Democratic,92.58764920211752,7.412350797882484,93.40076833341567,6.599231666584336,-0.8131191312981514,0.8131191312981478,-1.6262382625963028
2016,DISTRICT OF COLUMBIA,DC,00011,282830,12723,295553,0.9569518834185409,0.04304811658145916,91.39037668370817,Democratic,95.69518834185409,4.304811658145916,92.58764920211752,7.412350797882484,3.1075391397365735,-3.1075391397365673,6.215078279473133
2020,DISTRICT OF COLUMBIA,DC,00011,317323,18586,335909,0.9446695384761944,0.05533046152380555,88.93390769523889,Democratic,94.46695384761944,5.533046152380555,95.69518834185409,4.304811658145916,-1.2282344942346555,1.2282344942346386,-2.4564689884692825
2024,DISTRICT OF COLUMBIA,DC,00011,294185,21076,315261,0.9331474556002805,0.06685254439971959,86.62949112005609,Democratic,93.31474556002804,6.685254439971959,94.46695384761944,5.533046152380555,-1.1522082875913924,1.152208287591404,-2.304416575182799
2008,DELAWARE,DE,00010,255459,152374,407833,0.6263813864988855,0.3736186135011144,25.276277299777114,Democratic,62.63813864988855,37.36186135011144,NA,NA,NA,NA,NA
2012,DELAWARE,DE,00010,242584,165484,408068,0.5944695491927816,0.4055304508072184,18.893909838556326,Democratic,59.44695491927816,40.55304508072184,62.63813864988855,37.36186135011144,-3.1911837306103905,3.1911837306103976,-6.382367461220788
2016,DELAWARE,DE,00010,235603,185127,420730,0.5599862144368122,0.4400137855631878,11.997242887362432,Democratic,55.998621443681216,44.001378556318784,59.44695491927816,40.55304508072184,-3.4483334755969466,3.4483334755969466,-6.896666951193893
2020,DELAWARE,DE,00010,296268,200603,496871,0.5962674416498447,0.40373255835015526,19.25348832996894,Democratic,59.626744164984466,40.37325583501553,55.998621443681216,44.001378556318784,3.6281227213032494,-3.6281227213032565,7.256245442606506
2024,DELAWARE,DE,00010,289758,215265,505023,0.5737520865386329,0.4262479134613671,14.750417307726572,Democratic,57.37520865386328,42.62479134613671,59.626744164984466,40.37325583501553,-2.251535511121183,2.251535511121183,-4.503071022242366
2008,FLORIDA,FL,00012,4282074,4045624,8327698,0.514196600308993,0.48580339969100705,2.8393200617985883,Democratic,51.419660030899294,48.580339969100706,NA,NA,NA,NA,NA
2012,FLORIDA,FL,00012,4237756,4163447,8401203,0.5044225213936623,0.49557747860633766,0.8845042787324573,Democratic,50.442252139366225,49.55774786063377,51.419660030899294,48.580339969100706,-0.9774078915330691,0.977407891533062,-1.954815783066131
2016,FLORIDA,FL,00012,4504975,4617886,9122861,0.4938116452722452,0.5061883547277548,-1.2376709455509598,Republican,49.38116452722452,50.61883547277548,50.442252139366225,49.55774786063377,-1.061087612141705,1.061087612141712,-2.122175224283417
2020,FLORIDA,FL,00012,5297045,5668731,10965776,0.48305245337858443,0.5169475466214156,-3.389509324283118,Republican,48.305245337858445,51.69475466214156,49.38116452722452,50.61883547277548,-1.0759191893660756,1.0759191893660827,-2.151838378732158
2024,FLORIDA,FL,00012,4683038,6110125,10793163,0.43388930566507705,0.566110694334923,-13.2221388669846,Republican,43.3889305665077,56.611069433492304,48.305245337858445,51.69475466214156,-4.916314771350741,4.916314771350741,-9.832629542701483
2008,GEORGIA,GA,00013,1844123,2048759,3892882,0.47371664489188214,0.5262833551081179,-5.256671021623575,Republican,47.37166448918821,52.62833551081179,NA,NA,NA,NA,NA
2012,GEORGIA,GA,00013,1773827,2078688,3852515,0.46043350901943275,0.5395664909805672,-7.913298196113445,Republican,46.04335090194328,53.95664909805672,47.37166448918821,52.62833551081179,-1.328313587244935,1.328313587244935,-2.65662717448987
2016,GEORGIA,GA,00013,1877963,2089104,3967067,0.47338827400696787,0.5266117259930322,-5.322345198606435,Republican,47.338827400696786,52.66117259930322,46.04335090194328,53.95664909805672,1.2954764987535086,-1.2954764987535015,2.59095299750701
2020,GEORGIA,GA,00013,2473633,2461854,4935487,0.5011932966290864,0.49880670337091354,0.238659325817288,Democratic,50.11932966290864,49.88067033709135,47.338827400696786,52.66117259930322,2.7805022622118543,-2.7805022622118685,5.561004524423723
2024,GEORGIA,GA,00013,2548017,2663117,5211134,0.4889563384860186,0.5110436615139814,-2.208732302796278,Republican,48.89563384860186,51.10436615139814,50.11932966290864,49.88067033709135,-1.2236958143067795,1.2236958143067866,-2.447391628613566
2008,HAWAII,HI,00015,325871,120566,446437,0.7299372587845542,0.2700627412154459,45.98745175691083,Democratic,72.99372587845542,27.00627412154459,NA,NA,NA,NA,NA
2012,HAWAII,HI,00015,306658,121015,427673,0.7170384850107442,0.2829615149892558,43.407697002148836,Democratic,71.70384850107442,28.296151498925582,72.99372587845542,27.00627412154459,-1.2898773773810035,1.2898773773809928,-2.579754754761993
2016,HAWAII,HI,00015,266891,128847,395738,0.6744133745053545,0.32558662549464545,34.882674901070914,Democratic,67.44133745053546,32.55866254946454,71.70384850107442,28.296151498925582,-4.262511050538961,4.262511050538961,-8.525022101077923
2020,HAWAII,HI,00015,366130,196864,562994,0.6503266464651488,0.3496733535348512,30.06532929302977,Democratic,65.03266464651489,34.96733535348512,67.44133745053546,32.55866254946454,-2.4086728040205685,2.4086728040205756,-4.817345608041144
2024,HAWAII,HI,00015,313044,193661,506705,0.617803258306115,0.382196741693885,23.560651661222998,Democratic,61.7803258306115,38.219674169388504,65.03266464651489,34.96733535348512,-3.2523388159033857,3.2523388159033857,-6.504677631806771
2008,IOWA,IA,00019,828940,682379,1511319,0.5484877778946735,0.45151222210532654,9.697555578934697,Democratic,54.84877778946735,45.15122221053265,NA,NA,NA,NA,NA
2012,IOWA,IA,00019,822544,730617,1553161,0.5295935192810017,0.4704064807189982,5.918703856200352,Democratic,52.959351928100176,47.040648071899824,54.84877778946735,45.15122221053265,-1.8894258613671724,1.8894258613671724,-3.7788517227343448
2016,IOWA,IA,00019,653669,800983,1454652,0.4493645215487965,0.5506354784512034,-10.127095690240687,Republican,44.93645215487965,55.06354784512034,52.959351928100176,47.040648071899824,-8.022899773220523,8.022899773220516,-16.04579954644104
2020,IOWA,IA,00019,759061,897672,1656733,0.4581673691536295,0.5418326308463706,-8.366526169274103,Republican,45.81673691536295,54.183263084637055,44.93645215487965,55.06354784512034,0.8802847604832991,-0.8802847604832849,1.760569520966584
2024,IOWA,IA,00019,707278,927019,1634297,0.4327720114520188,0.5672279885479812,-13.445597709596228,Republican,43.277201145201886,56.722798854798114,45.81673691536295,54.183263084637055,-2.5395357701610664,2.5395357701610592,-5.079071540322126
2008,IDAHO,ID,00016,236440,403012,639452,0.3697541019497945,0.6302458980502055,-26.049179610041094,Republican,36.97541019497945,63.02458980502055,NA,NA,NA,NA,NA
2012,IDAHO,ID,00016,212787,420911,633698,0.3357861315642467,0.6642138684357534,-32.84277368715067,Republican,33.578613156424666,66.42138684357533,36.97541019497945,63.02458980502055,-3.396797038554787,3.396797038554787,-6.793594077109574
2016,IDAHO,ID,00016,189765,409055,598820,0.31689823319194416,0.6831017668080558,-36.620353361611166,Republican,31.689823319194417,68.31017668080558,33.578613156424666,66.42138684357533,-1.8887898372302487,1.8887898372302487,-3.7775796744604975
2020,IDAHO,ID,00016,287021,554119,841140,0.3412285707492213,0.6587714292507787,-31.754285850155732,Republican,34.12285707492213,65.87714292507786,31.689823319194417,68.31017668080558,2.4330337557277133,-2.4330337557277204,4.866067511455434
2024,IDAHO,ID,00016,274972,605246,880218,0.31239079409873466,0.6876092059012654,-37.52184118025308,Republican,31.239079409873465,68.76092059012655,34.12285707492213,65.87714292507786,-2.8837776650486653,2.883777665048683,-5.767555330097345
2008,ILLINOIS,IL,00017,3419348,2031179,5450527,0.6273426404455936,0.3726573595544064,25.46852808911872,Democratic,62.73426404455936,37.26573595544064,NA,NA,NA,NA,NA
2012,ILLINOIS,IL,00017,3019512,2135216,5154728,0.585775233921169,0.4142247660788309,17.15504678423381,Democratic,58.5775233921169,41.42247660788309,62.73426404455936,37.26573595544064,-4.156740652442458,4.156740652442451,-8.31348130488491
2016,ILLINOIS,IL,00017,3090729,2146015,5236744,0.5902005139071148,0.4097994860928852,18.04010278142296,Democratic,59.02005139071148,40.97994860928852,58.5775233921169,41.42247660788309,0.4425279985945778,-0.4425279985945707,0.8850559971891485
2020,ILLINOIS,IL,00017,3471915,2446891,5918806,0.5865904373280693,0.4134095626719308,17.31808746561385,Democratic,58.65904373280693,41.34095626719308,59.02005139071148,40.97994860928852,-0.36100765790455114,0.36100765790455824,-0.7220153158091094
2024,ILLINOIS,IL,00017,3062863,2449079,5511942,0.5556776540827171,0.44432234591728287,11.135530816543422,Democratic,55.56776540827171,44.43223459172829,58.65904373280693,41.34095626719308,-3.0912783245352173,3.0912783245352102,-6.182556649070428
2008,INDIANA,IN,00018,1374039,1345648,2719687,0.5052195344537809,0.49478046554621913,1.0439068907561762,Democratic,50.52195344537809,49.47804655462191,NA,NA,NA,NA,NA
2012,INDIANA,IN,00018,1152887,1420543,2573430,0.447996254026727,0.5520037459732731,-10.400749194654608,Republican,44.799625402672696,55.200374597327304,50.52195344537809,49.47804655462191,-5.722328042705392,5.722328042705392,-11.444656085410784
2016,INDIANA,IN,00018,1033126,1557286,2590412,0.3988269047549193,0.6011730952450807,-20.23461904901614,Republican,39.88269047549193,60.117309524508066,44.799625402672696,55.200374597327304,-4.916934927180769,4.916934927180762,-9.83386985436153
2020,INDIANA,IN,00018,1242416,1729519,2971935,0.4180495199255704,0.5819504800744296,-16.390096014885927,Republican,41.80495199255704,58.19504800744296,39.88269047549193,60.117309524508066,1.9222615170651096,-1.9222615170651025,3.844523034130212
2024,INDIANA,IN,00018,1163603,1720347,2883950,0.4034754416685449,0.5965245583314551,-19.30491166629102,Republican,40.34754416685449,59.65245583314551,41.80495199255704,58.19504800744296,-1.4574078257025462,1.4574078257025462,-2.9148156514050925
2008,KANSAS,KS,00020,514765,699655,1214420,0.42387724181090564,0.5761227581890944,-15.224551637818877,Republican,42.38772418109056,57.61227581890944,NA,NA,NA,NA,NA
2012,KANSAS,KS,00020,440726,692634,1133360,0.38886673254746945,0.6111332674525305,-22.226653490506102,Republican,38.886673254746945,61.11332674525305,42.38772418109056,57.61227581890944,-3.5010509263436163,3.501050926343609,-7.002101852687225
2016,KANSAS,KS,00020,427005,671018,1098023,0.38888529657393334,0.6111147034260667,-22.22294068521333,Republican,38.888529657393335,61.111470342606665,38.886673254746945,61.11332674525305,0.0018564026463891992,-0.0018564026463820937,0.003712805292771293
2020,KANSAS,KS,00020,570323,771406,1341729,0.4250657174436865,0.5749342825563135,-14.986856511262701,Republican,42.50657174436865,57.49342825563135,38.888529657393335,61.111470342606665,3.618042086975315,-3.618042086975315,7.23608417395063
2024,KANSAS,KS,00020,544853,758802,1303655,0.4179426305272484,0.5820573694727517,-16.411473894550326,Republican,41.79426305272484,58.20573694727516,42.50657174436865,57.49342825563135,-0.7123086916438126,0.7123086916438126,-1.4246173832876252
2008,KENTUCKY,KY,00021,751985,1048462,1800447,0.4176657241229539,0.5823342758770461,-16.466855175409222,Republican,41.76657241229539,58.23342758770461,NA,NA,NA,NA,NA
2012,KENTUCKY,KY,00021,679370,1087190,1766560,0.38457227606195094,0.6154277239380491,-23.08554478760982,Republican,38.45722760619509,61.54277239380491,41.76657241229539,58.23342758770461,-3.309344806100299,3.309344806100299,-6.618689612200598
2016,KENTUCKY,KY,00021,628854,1202971,1831825,0.34329370982490137,0.6567062901750986,-31.341258035019727,Republican,34.32937098249014,65.67062901750987,38.45722760619509,61.54277239380491,-4.12785662370495,4.127856623704957,-8.255713247409908
2020,KENTUCKY,KY,00021,772474,1326646,2099120,0.36799897099737033,0.6320010290026297,-26.40020580052594,Republican,36.79989709973703,63.20010290026297,34.32937098249014,65.67062901750987,2.470526117246891,-2.470526117246898,4.941052234493789
2024,KENTUCKY,KY,00021,704043,1337494,2041537,0.3448592898389792,0.6551407101610208,-31.02814203220416,Republican,34.48592898389792,65.51407101610208,36.79989709973703,63.20010290026297,-2.31396811583911,2.31396811583911,-4.62793623167822
2008,LOUISIANA,LA,00022,782989,1148275,1931264,0.40542825838414637,0.5945717416158537,-18.914348323170735,Republican,40.542825838414636,59.45717416158537,NA,NA,NA,NA,NA
2012,LOUISIANA,LA,00022,809141,1152262,1961403,0.4125317438588602,0.5874682561411397,-17.493651228227954,Republican,41.25317438588602,58.74682561411397,40.542825838414636,59.45717416158537,0.7103485474713835,-0.7103485474713978,1.4206970949427813
2016,LOUISIANA,LA,00022,780154,1178638,1958792,0.3982832276219221,0.601716772378078,-20.34335447561559,Republican,39.82832276219221,60.1716772378078,41.25317438588602,58.74682561411397,-1.4248516236938116,1.4248516236938258,-2.8497032473876374
2020,LOUISIANA,LA,00022,856034,1255776,2111810,0.4053555954370895,0.5946444045629105,-18.928880912582095,Republican,40.53555954370895,59.464440456291044,39.82832276219221,60.1716772378078,0.7072367815167411,-0.7072367815167553,1.4144735630334964
2024,LOUISIANA,LA,00022,766870,1208505,1975375,0.3882148959058407,0.6117851040941593,-22.35702081883187,Republican,38.821489590584065,61.178510409415935,40.53555954370895,59.464440456291044,-1.7140699531248842,1.7140699531248913,-3.4281399062497755
2008,MASSACHUSETTS,MA,00025,1904097,1108854,3012951,0.6319707821335295,0.36802921786647047,26.394156426705905,Democratic,63.19707821335295,36.80292178664705,NA,NA,NA,NA,NA
2012,MASSACHUSETTS,MA,00025,1921290,1188314,3109604,0.6178568074906001,0.38214319250939993,23.57136149812002,Democratic,61.78568074906001,38.214319250939994,63.19707821335295,36.80292178664705,-1.4113974642929392,1.4113974642929463,-2.8227949285858855
2016,MASSACHUSETTS,MA,00025,1995196,1090893,3086089,0.646512786896295,0.35348721310370507,29.302557379258985,Democratic,64.65127868962949,35.34872131037051,61.78568074906001,38.214319250939994,2.8655979405694794,-2.8655979405694865,5.731195881138966
2020,MASSACHUSETTS,MA,00025,2382202,1167202,3549404,0.67115549540148145,0.3288445045985185,34.2310990802963,Democratic,67.11554954014815,32.88445045985185,64.65127868962949,35.34872131037051,2.464270850518659,-2.464270850518659,4.928541701037318
2024,MASSACHUSETTS,MA,00025,2126518,1251303,3377821,0.6295531942041925,0.3704468057958074,25.91063884083851,Democratic,62.95531942041925,37.04468057958074,67.11554954014815,32.88445045985185,-4.160230119728901,4.160230119728894,-8.320460239457795
2008,MARYLAND,MD,00024,1629467,959862,2589329,0.6293008729288553,0.37069912707114466,25.860174585771063,Democratic,62.93008729288553,37.06991270711447,NA,NA,NA,NA,NA
2012,MARYLAND,MD,00024,1677844,971869,2649713,0.6332172578690598,0.3667827421309402,26.64345157381196,Democratic,63.32172578690598,36.67827421309402,62.93008729288553,37.06991270711447,0.39163849402044804,-0.39163849402044804,0.7832769880408961
2016,MARYLAND,MD,00024,1678006,943428,2621434,0.6401099550856516,0.3598900449143484,28.02199101713032,Democratic,64.01099550856516,35.98900449143484,63.32172578690598,36.67827421309402,0.6892697216591799,-0.6892697216591799,1.3785394433183598
2020,MARYLAND,MD,00024,1985023,976414,2961437,0.6702904704709234,0.3297095295290766,34.058094094184675,Democratic,67.02904704709233,32.97095295290766,64.01099550856516,35.98900449143484,3.0180515385271747,-3.0180515385271818,6.0361030770543564
2024,MARYLAND,MD,00024,1902577,1035550,2938127,0.6475475702718092,0.3524524297281908,29.509514054361837,Democratic,64.75475702718091,35.24524297281908,67.02904704709233,32.97095295290766,-2.274290019911419,2.274290019911419,-4.548580039822838
2008,MAINE,ME,00023,421923,295273,717196,0.588295249834076,0.41170475016592395,17.659049966815203,Democratic,58.8295249834076,41.1704750165924,NA,NA,NA,NA,NA
2012,MAINE,ME,00023,401306,292276,693582,0.5785992139357711,0.42140078606422887,15.71984278715422,Democratic,57.85992139357711,42.14007860642289,58.8295249834076,41.1704750165924,-0.9696035898304913,0.9696035898304913,-1.9392071796609827
2016,MAINE,ME,00023,357735,335593,693328,0.5159679112916253,0.48403208870837466,3.1935822583250655,Democratic,51.59679112916253,48.40320887083747,57.85992139357711,42.14007860642289,-6.263130264414578,6.263130264414578,-12.526260528829155
2020,MAINE,ME,00023,435072,360737,795809,0.5467040458200397,0.45329595417996027,9.34080916400795,Democratic,54.670404582003975,45.329595417996025,51.59679112916253,48.40320887083747,3.0736134528414425,-3.0736134528414425,6.147226905682885
2024,MAINE,ME,00023,435652,377977,813629,0.5354430581997446,0.4645569418002554,7.0886116399489225,Democratic,53.54430581997446,46.45569418002554,54.670404582003975,45.329595417996025,-1.126098762029514,1.126098762029514,-2.252197524059028
2008,MICHIGAN,MI,00026,2872579,2048639,4921218,0.5837130157615452,0.4162869842384548,16.742603152309044,Democratic,58.37130157615452,41.62869842384548,NA,NA,NA,NA,NA
2012,MICHIGAN,MI,00026,2564569,2115256,4679825,0.5480053207117788,0.45199467928822123,9.601064142355753,Democratic,54.80053207117788,45.19946792882212,58.37130157615452,41.62869842384548,-3.5707695049766457,3.5707695049766457,-7.141539009953291
2016,MICHIGAN,MI,00026,2268839,2279543,4548382,0.4988233178303845,0.5011766821696155,-0.2353364339231021,Republican,49.88233178303845,50.117668216961555,54.80053207117788,45.19946792882212,-4.918200288139424,4.918200288139431,-9.836400576278855
2020,MICHIGAN,MI,00026,2804040,2649852,5453892,0.5141355934440947,0.4858644065559054,2.8271186888189206,Democratic,51.413559344409464,48.58644065559054,49.88233178303845,50.117668216961555,1.5312275613710113,-1.5312275613710113,3.0624551227420227
2024,MICHIGAN,MI,00026,2736533,2816636,5553169,0.49278763171083034,0.5072123682891697,-1.4424736578339363,Republican,49.278763171083035,50.72123682891697,51.413559344409464,48.58644065559054,-2.1347961733264285,2.1347961733264285,-4.269592346652857
2008,MINNESOTA,MN,00027,1573354,1275409,2848763,0.5522937499539273,0.4477062500460726,10.45874999078547,Democratic,55.22937499539273,44.77062500460726,NA,NA,NA,NA,NA
2012,MINNESOTA,MN,00027,1546167,1320225,2866392,0.5394122646169819,0.4605877353830181,7.882452923396372,Democratic,53.941226461698186,46.058773538301814,55.22937499539273,44.77062500460726,-1.288148533694546,1.288148533694553,-2.576297067389099
2016,MINNESOTA,MN,00027,1367705,1322949,2690654,0.5083169370718048,0.49168306292819514,1.6633874143609617,Democratic,50.83169370718048,49.168306292819516,53.941226461698186,46.058773538301814,-3.1095327545177085,3.1095327545177014,-6.21906550903541
2020,MINNESOTA,MN,00027,1717077,1484065,3201142,0.5363951364856667,0.46360486351433333,7.279027297133339,Democratic,53.63951364856667,46.36048635143333,50.83169370718048,49.168306292819516,2.8078199413861924,-2.8078199413861853,5.615639882772378
2024,MINNESOTA,MN,00027,1656979,1519032,3176011,0.5217170217609448,0.4782829782390552,4.343404352188969,Democratic,52.171702176094485,47.828297823905515,53.63951364856667,46.36048635143333,-1.4678114724721851,1.4678114724721851,-2.9356229449443703
2008,MISSOURI,MO,00029,1441911,1445814,2887725,0.4993242085032335,0.5006757914967664,-0.13515829935329293,Republican,49.93242085032335,50.06757914967665,NA,NA,NA,NA,NA
2012,MISSOURI,MO,00029,1223796,1482440,2706236,0.45221333246620027,0.5477866675337997,-9.557333506759939,Republican,45.22133324662003,54.778666753379966,49.93242085032335,50.06757914967665,-4.7110876037033265,4.711087603703319,-9.422175207406646
2016,MISSOURI,MO,00029,1071068,1594511,2665579,0.40181439004433933,0.5981856099556606,-19.637121991132126,Republican,40.18143900443393,59.81856099556606,45.22133324662003,54.778666753379966,-5.039894242186094,5.039894242186094,-10.079788484372187
2020,MISSOURI,MO,00029,1253014,1718736,2971750,0.4216417935559855,0.5783582064440145,-15.671641288802903,Republican,42.16417935559855,57.83582064440145,40.18143900443393,59.81856099556606,1.9827403511646153,-1.9827403511646082,3.9654807023292236
2024,MISSOURI,MO,00029,1200599,1751986,2952585,0.4066263968691841,0.5933736031308159,-18.67472062616318,Republican,40.66263968691841,59.33736031308159,42.16417935559855,57.83582064440145,-1.501539668680138,1.501539668680138,-3.003079337360276
2008,MISSISSIPPI,MS,00028,554662,724597,1279259,0.43358069007136163,0.5664193099286384,-13.283861985727675,Republican,43.358069007136166,56.64193099286384,NA,NA,NA,NA,NA
2012,MISSISSIPPI,MS,00028,562949,710746,1273695,0.4419810080121222,0.5580189919878777,-11.603798397575552,Republican,44.19810080121222,55.80189919878777,43.358069007136166,56.64193099286384,0.8400317940760544,-0.8400317940760686,1.680063588152123
2016,MISSISSIPPI,MS,00028,485131,700714,1185845,0.4091015267593994,0.5908984732406006,-18.17969464812012,Republican,40.91015267593994,59.08984732406006,44.19810080121222,55.80189919878777,-3.2879481252722798,3.287948125272287,-6.575896250544567
2020,MISSISSIPPI,MS,00028,539398,756764,1296162,0.4161501417261114,0.5838498582738886,-16.76997165477772,Republican,41.61501417261114,58.38498582738886,40.91015267593994,59.08984732406006,0.7048614966711995,-0.7048614966711995,1.409722993342399
2024,MISSISSIPPI,MS,00028,466668,747744,1214412,0.3842748589440816,0.6157251410559185,-23.145028211183693,Republican,38.42748589440816,61.57251410559185,41.61501417261114,58.38498582738886,-3.187528278202983,3.18752827820299,-6.375056556405973
2008,MONTANA,MT,00030,231667,242763,474430,0.4883059671605927,0.5116940328394073,-2.3388065678814627,Republican,48.83059671605927,51.16940328394073,NA,NA,NA,NA,NA
2012,MONTANA,MT,00030,201839,267928,469767,0.42965768136118543,0.5703423186388146,-14.068463727762918,Republican,42.96576813611854,57.03423186388146,48.83059671605927,51.16940328394073,-5.864828579940728,5.864828579940728,-11.729657159881455
2016,MONTANA,MT,00030,177709,279240,456949,0.38890335682975563,0.6110966431702444,-22.21932863404888,Republican,38.89033568297556,61.10966431702444,42.96576813611854,57.03423186388146,-4.07543245314298,4.07543245314298,-8.15086490628596
2020,MONTANA,MT,00030,244786,343602,588388,0.41602819907951893,0.5839718009204811,-16.794360184096206,Republican,41.6028199079519,58.3971800920481,38.89033568297556,61.10966431702444,2.712484224976336,-2.712484224976336,5.424968449952672
2024,MONTANA,MT,00030,231906,352079,583985,0.3971095147991815,0.6028904852008186,-20.578097040163705,Republican,39.71095147991815,60.289048520081856,41.6028199079519,58.3971800920481,-1.8918684280337459,1.891868428033753,-3.783736856067499
2008,NORTH CAROLINA,NC,00037,2142651,2128474,4271125,0.5016596330006732,0.4983403669993269,0.33192660013462927,Democratic,50.16596330006732,49.83403669993269,NA,NA,NA,NA,NA
2012,NORTH CAROLINA,NC,00037,2178391,2270395,4448786,0.48965965096995,0.51034034903005,-2.0680698060100013,Republican,48.965965096995,51.034034903005,50.16596330006732,49.83403669993269,-1.1999982030723189,1.1999982030723118,-2.3999964061446306
2016,NORTH CAROLINA,NC,00037,2189316,2362631,4551947,0.48096254196281285,0.5190374580371871,-3.807491607437427,Republican,48.096254196281286,51.903745803718714,48.965965096995,51.034034903005,-0.8697109007137129,0.8697109007137129,-1.7394218014274259
2020,NORTH CAROLINA,NC,00037,2684292,2758773,5443065,0.4931581746681328,0.5068418253318673,-1.3683650663734497,Republican,49.31581746681328,50.68418253318673,48.096254196281286,51.903745803718714,1.2195632705319923,-1.2195632705319852,2.4391265410639775
2024,NORTH CAROLINA,NC,00037,2715375,2898423,5613798,0.48369659898699596,0.516303401013004,-3.2606802026008026,Republican,48.369659898699595,51.6303401013004,49.31581746681328,50.68418253318673,-0.9461575681136836,0.9461575681136694,-1.892315136227353
2008,NORTH DAKOTA,ND,00038,141278,168601,309879,0.4559134371803188,0.5440865628196813,-8.817312563936248,Republican,45.59134371803188,54.40865628196813,NA,NA,NA,NA,NA
2012,NORTH DAKOTA,ND,00038,124966,188320,313286,0.39888791711088273,0.6011120828891173,-20.22241657782346,Republican,39.888791711088274,60.11120828891173,45.59134371803188,54.40865628196813,-5.7025520069436055,5.7025520069436055,-11.405104013887211
2016,NORTH DAKOTA,ND,00038,93758,216794,310552,0.30190757103480254,0.6980924289651974,-39.61848579303948,Republican,30.190757103480255,69.80924289651973,39.888791711088274,60.11120828891173,-9.698034607608019,9.698034607608001,-19.396069215216023
2020,NORTH DAKOTA,ND,00038,114902,235595,350497,0.3278259157710337,0.6721740842289663,-34.43481684579326,Republican,32.78259157710337,67.21740842289663,30.190757103480255,69.80924289651973,2.5918344736231127,-2.591834473623109,5.183668947246225
2024,NORTH DAKOTA,ND,00038,112327,246505,358832,0.3130350693360681,0.6869649306639318,-37.392986132786376,Republican,31.303506933606812,68.69649306639319,32.78259157710337,67.21740842289663,-1.4790846434965559,1.479084643496563,-2.958169286993119
2008,NEBRASKA,NE,00031,333319,452979,786298,0.4239092557783436,0.5760907442216564,-15.218148844331282,Republican,42.39092557783436,57.60907442216564,NA,NA,NA,NA,NA
2012,NEBRASKA,NE,00031,302081,475064,777145,0.38870609731774636,0.6112939026822536,-22.258780536450722,Republican,38.870609731774636,61.12939026822536,42.39092557783436,57.60907442216564,-3.5203158460597237,3.5203158460597166,-7.04063169211944
2016,NEBRASKA,NE,00031,284494,495961,780455,0.3645232588682243,0.6354767411317757,-27.095348226355135,Republican,36.45232588682243,63.547674113177564,38.870609731774636,61.12939026822536,-2.4182838449522066,2.4182838449522066,-4.836567689904413
2020,NEBRASKA,NE,00031,374583,556846,931429,0.40215947753398273,0.5978405224660173,-19.56810449320345,Republican,40.215947753398275,59.784052246601725,36.45232588682243,63.547674113177564,3.7636218665758463,-3.763621866575839,7.5272437331516855
2024,NEBRASKA,NE,00031,369995,564816,934811,0.39579658348051105,0.604203416519489,-20.84068330389779,Republican,39.579658348051105,60.420341651948895,40.215947753398275,59.784052246601725,-0.6362894053471706,0.6362894053471706,-1.2725788106943412
2008,NEW HAMPSHIRE,NH,00033,384826,316534,701360,0.548685411201095,0.45131458879890496,9.73708224021901,Democratic,54.868541120109505,45.131458879890495,NA,NA,NA,NA,NA
2012,NEW HAMPSHIRE,NH,00033,369561,329918,699479,0.528337519782581,0.47166248021741897,5.667503956516214,Democratic,52.83375197825811,47.16624802174189,54.868541120109505,45.131458879890495,-2.034789141851398,2.034789141851398,-4.069578283702796
2016,NEW HAMPSHIRE,NH,00033,348526,345790,694316,0.501970284423807,0.49802971557619297,0.39405688476140455,Democratic,50.1970284423807,49.802971557619294,52.83375197825811,47.16624802174189,-2.636723535877408,2.636723535877401,-5.273447071754809
2020,NEW HAMPSHIRE,NH,00033,424921,365654,790575,0.5374834772159505,0.4625165227840496,7.4966954431900845,Democratic,53.748347721595046,46.25165227840496,50.1970284423807,49.802971557619294,3.551319279214347,-3.551319279214333,7.10263855842868
2024,NEW HAMPSHIRE,NH,00033,418488,395523,814011,0.5141060747336338,0.48589392526636616,2.821214946726762,Democratic,51.41060747336338,48.589392526636615,53.748347721595046,46.25165227840496,-2.3377402482316683,2.337740248231654,-4.675480496463322
2008,NEW JERSEY,NJ,00034,2215422,1613207,3828629,0.5786462987142394,0.4213537012857605,15.729259742847894,Democratic,57.864629871423944,42.13537012857605,NA,NA,NA,NA,NA
2012,NEW JERSEY,NJ,00034,2122786,1478088,3600874,0.5895196555058577,0.4104803444941423,17.903931101171537,Democratic,58.95196555058577,41.04803444941423,57.864629871423944,42.13537012857605,1.087335679161825,-1.0873356791618178,2.1746713583236428
2016,NEW JERSEY,NJ,00034,2148278,1601933,3750211,0.5728419014290129,0.4271580985709871,14.56838028580259,Democratic,57.284190142901295,42.715809857098705,58.95196555058577,41.04803444941423,-1.6677754076844735,1.6677754076844735,-3.335550815368947
2020,NEW JERSEY,NJ,00034,2608335,1883274,4491609,0.5807128358679484,0.4192871641320516,16.142567173589683,Democratic,58.07128358679484,41.92871641320516,57.284190142901295,42.715809857098705,0.7870934438935464,-0.7870934438935464,1.5741868877870928
2024,NEW JERSEY,NJ,00034,2220713,1968215,4188928,0.5301387371661676,0.46986126283383245,6.027747433233515,Democratic,53.01387371661676,46.98612628338324,58.07128358679484,41.92871641320516,-5.057409870178084,5.057409870178084,-10.114819740356168
2008,NEW MEXICO,NM,00035,472422,346832,819254,0.5766490001879759,0.4233509998120241,15.329800037595184,Democratic,57.664900018797596,42.33509998120241,NA,NA,NA,NA,NA
2012,NEW MEXICO,NM,00035,415335,335788,751123,0.5529520464690869,0.44704795353091303,10.590409293817387,Democratic,55.295204646908694,44.704795353091306,57.664900018797596,42.33509998120241,-2.369695371888902,2.369695371888895,-4.739390743777797
2016,NEW MEXICO,NM,00035,385234,319667,704901,0.5465079493432411,0.4534920506567589,9.301589868648222,Democratic,54.65079493432411,45.34920506567589,55.295204646908694,44.704795353091306,-0.6444097125845829,0.6444097125845829,-1.2888194251691658
2020,NEW MEXICO,NM,00035,501614,401894,903508,0.5551849015171975,0.4448150984828026,11.036980303439485,Democratic,55.518490151719746,44.48150984828026,54.65079493432411,45.34920506567589,0.8676952173956352,-0.867695217395628,1.7353904347912632
2024,NEW MEXICO,NM,00035,478802,423391,902193,0.5307090611432366,0.4692909388567635,6.141812228647304,Democratic,53.070906114323655,46.92909388567635,55.518490151719746,44.48150984828026,-2.4475840373960907,2.4475840373960907,-4.895168074792181
2008,NEVADA,NV,00032,533736,412827,946563,0.563867381251961,0.43613261874803894,12.773476250392207,Democratic,56.3867381251961,43.6132618748039,NA,NA,NA,NA,NA
2012,NEVADA,NV,00032,531373,463567,994940,0.5340754216334653,0.46592457836653467,6.815084326693068,Democratic,53.407542163346534,46.592457836653466,56.3867381251961,43.6132618748039,-2.9791959618495696,2.9791959618495696,-5.958391923699139
2016,NEVADA,NV,00032,539260,512058,1051318,0.512937094199852,0.487062905800148,2.587418839970397,Democratic,51.2937094199852,48.7062905800148,53.407542163346534,46.592457836653466,-2.1138327433613355,2.1138327433613355,-4.227665486722671
2020,NEVADA,NV,00032,703486,669890,1373376,0.512231173400438,0.48776882659956194,2.4462346800876063,Democratic,51.2231173400438,48.77688265995619,51.2937094199852,48.7062905800148,-0.07059207994139882,0.07059207994139172,-0.14118415988279054
2024,NEVADA,NV,00032,705197,751205,1456402,0.48420491045741493,0.5157950895425851,-3.159017908517022,Republican,48.42049104574149,51.579508954258515,51.2231173400438,48.77688265995619,-2.802626294302307,2.8026262943023212,-5.605252588604628
2008,NEW YORK,NY,00036,4645332,2588798,7234130,0.642141072941736,0.3578589270582641,28.42821458834719,Democratic,64.2141072941736,35.78589270582641,NA,NA,NA,NA,NA
2012,NEW YORK,NY,00036,4324228,2485432,6809660,0.6350137892347049,0.3649862107652952,27.002757846940966,Democratic,63.50137892347048,36.49862107652952,64.2141072941736,35.78589270582641,-0.7127283707031182,0.712728370703104,-1.4254567414062222
2016,NEW YORK,NY,00036,4379789,2819534,7199323,0.6083612306323803,0.3916387693676197,21.67224612647606,Democratic,60.836123063238034,39.16387693676197,63.50137892347048,36.49862107652952,-2.665255860232449,2.665255860232456,-5.330511720464905
2020,NEW YORK,NY,00036,5230985,3244798,8475783,0.6171683489301224,0.38283165106987754,23.43366978602449,Democratic,61.71683489301224,38.28316510698775,60.836123063238034,39.16387693676197,0.8807118297742065,-0.8807118297742207,1.7614236595484272
2024,NEW YORK,NY,00036,4619195,3578899,8198094,0.5634474305856947,0.4365525694143053,12.68948611713894,Democratic,56.34474305856947,43.65525694143053,61.71683489301224,38.28316510698775,-5.37209183444277,5.372091834442777,-10.744183668885547
2008,OHIO,OH,00039,2940044,2677820,5617864,0.5233384076225412,0.47666159237745875,4.667681524508254,Democratic,52.33384076225413,47.66615923774587,NA,NA,NA,NA,NA
2012,OHIO,OH,00039,2827621,2661407,5489028,0.5151405676924949,0.48485943230750506,3.0281135384989852,Democratic,51.51405676924949,48.48594323075051,52.33384076225413,47.66615923774587,-0.8197839930046342,0.8197839930046342,-1.6395679860092685
2016,OHIO,OH,00039,2394164,2841005,5235169,0.45732315422864095,0.5426768457713591,-8.535369154271812,Republican,45.7323154228641,54.26768457713591,51.51405676924949,48.48594323075051,-5.781741346385395,5.781741346385402,-11.563482692770798
2020,OHIO,OH,00039,2679165,3154834,5833999,0.45923302352297285,0.5407669764770272,-8.153395295405439,Republican,45.923302352297284,54.07669764770272,45.7323154228641,54.26768457713591,0.19098692943318696,-0.19098692943318696,0.3819738588663739
2024,OHIO,OH,00039,2533699,3180116,5713815,0.44343385286362963,0.5565661471363703,-11.313229427274074,Republican,44.34338528636296,55.65661471363703,45.923302352297284,54.07669764770272,-1.5799170659343247,1.5799170659343105,-3.159834131868635
2008,OKLAHOMA,OK,00040,502496,960165,1462661,0.343549188773065,0.656450811226935,-31.29016224538701,Republican,34.3549188773065,65.64508112269351,NA,NA,NA,NA,NA
2012,OKLAHOMA,OK,00040,443547,891325,1334872,0.3322768025698344,0.6677231974301656,-33.54463948603313,Republican,33.22768025698344,66.77231974301657,34.3549188773065,65.64508112269351,-1.1272386203230624,1.1272386203230553,-2.2544772406461178
2016,OKLAHOMA,OK,00040,420375,949136,1369511,0.30695262761671865,0.6930473723832813,-38.60947447665626,Republican,30.695262761671867,69.30473723832813,33.22768025698344,66.77231974301657,-2.5324174953115737,2.532417495311563,-5.064834990623133
2020,OKLAHOMA,OK,00040,503890,1020280,1524170,0.3305996050309349,0.6694003949690651,-33.88007899381302,Republican,33.059960503093485,66.94003949690651,30.695262761671867,69.30473723832813,2.364697741421619,-2.3646977414216224,4.729395482843238
2024,OKLAHOMA,OK,00040,499599,1036213,1535812,0.3252995809382919,0.6747004190617081,-34.94008381234161,Republican,32.529958093829194,67.4700419061708,33.059960503093485,66.94003949690651,-0.5300024092642914,0.5300024092642985,-1.06000481852859
2008,OREGON,OR,00041,1037291,738475,1775766,0.5841372117722718,0.4158627882277282,16.82744235445437,Democratic,58.41372117722719,41.58627882277282,NA,NA,NA,NA,NA
2012,OREGON,OR,00041,970488,754175,1724663,0.5627116717874738,0.43728832821252617,12.542334357494767,Democratic,56.27116717874738,43.72883282125262,58.41372117722719,41.58627882277282,-2.142553998479805,2.142553998479798,-4.285107996959603
2016,OREGON,OR,00041,1002106,782403,1784509,0.5615583894505436,0.43844161054945646,12.311677890108712,Democratic,56.155838945054356,43.844161054945644,56.27116717874738,43.72883282125262,-0.11532823369302747,0.11532823369302747,-0.23065646738605494
2020,OREGON,OR,00041,1340383,958448,2298831,0.5830715698544173,0.4169284301455827,16.614313970883472,Democratic,58.307156985441736,41.692843014558264,56.155838945054356,43.844161054945644,2.1513180403873804,-2.1513180403873804,4.302636080774761
2024,OREGON,OR,00041,1240600,919480,2160080,0.574330580348876,0.42566941965112404,14.866116069775188,Democratic,57.433058034887594,42.566941965112406,58.307156985441736,41.692843014558264,-0.8740989505541421,0.8740989505541421,-1.7481979011082842
2008,PENNSYLVANIA,PA,00042,3276363,2655885,5932248,0.5522970381548445,0.4477029618451555,10.459407630968904,Democratic,55.229703815484456,44.77029618451555,NA,NA,NA,NA,NA
2012,PENNSYLVANIA,PA,00042,2990274,2680434,5670708,0.5273193400189182,0.4726806599810817,5.463868003783652,Democratic,52.73193400189182,47.26806599810817,55.229703815484456,44.77029618451555,-2.497769813592633,2.497769813592619,-4.995539627185252
2016,PENNSYLVANIA,PA,00042,2926441,2970733,5897174,0.4962446419250984,0.5037553580749017,-0.7510716149803258,Republican,49.62446419250984,50.37553580749017,52.73193400189182,47.26806599810817,-3.107469809381982,3.107469809381996,-6.214939618763978
2020,PENNSYLVANIA,PA,00042,3458229,3377674,6835903,0.5058920525934906,0.49410794740650943,1.178410518698115,Democratic,50.58920525934906,49.41079474065094,49.62446419250984,50.37553580749017,0.9647410668392169,-0.964741066839224,1.929482133678441
2024,PENNSYLVANIA,PA,00042,3423042,3543308,6966350,0.4913680765393642,0.5086319234606358,-1.726384692127155,Republican,49.13680765393642,50.86319234606358,50.58920525934906,49.41079474065094,-1.452397605412635,1.452397605412635,-2.90479521082527
2008,RHODE ISLAND,RI,00044,296571,165391,461962,0.6419813750914577,0.35801862490854225,28.39627501829154,Democratic,64.19813750914577,35.801862490854226,NA,NA,NA,NA,NA
2012,RHODE ISLAND,RI,00044,279677,157204,436881,0.6401674597888212,0.3598325402111788,28.033491957764234,Democratic,64.01674597888211,35.98325402111788,64.19813750914577,35.801862490854226,-0.18139153026365307,0.18139153026365307,-0.36278306052730613
2016,RHODE ISLAND,RI,00044,252525,180543,433068,0.5831070409265982,0.41689295907340185,16.621408185319638,Democratic,58.31070409265982,41.68929590734018,64.01674597888211,35.98325402111788,-5.706041886222295,5.706041886222302,-11.412083772444596
2020,RHODE ISLAND,RI,00044,307486,199922,507408,0.6059935988395926,0.3940064011604074,21.19871976791852,Democratic,60.59935988395926,39.40064011604074,58.31070409265982,41.68929590734018,2.2886557912994405,-2.2886557912994405,4.577311582598881
2024,RHODE ISLAND,RI,00044,285156,214406,499562,0.5708120313394534,0.42918796866054665,14.162406267890674,Democratic,57.08120313394534,42.91879686605466,60.59935988395926,39.40064011604074,-3.5181567500139224,3.5181567500139224,-7.036313500027845
2008,SOUTH CAROLINA,SC,00045,862449,1034896,1897345,0.4545557081079087,0.5454442918920913,-9.088858378418266,Republican,45.45557081079087,54.54442918920913,NA,NA,NA,NA,NA
2012,SOUTH CAROLINA,SC,00045,865941,1071645,1937586,0.44691745295434626,0.5530825470456537,-10.616509409130742,Republican,44.69174529543463,55.30825470456537,45.45557081079087,54.54442918920913,-0.7638255153562383,0.7638255153562383,-1.5276510307124767
2016,SOUTH CAROLINA,SC,00045,855373,1155389,2010762,0.4253974363947598,0.5746025636052402,-14.920512721048041,Republican,42.53974363947598,57.46025636052402,44.69174529543463,55.30825470456537,-2.1520016559586495,2.1520016559586495,-4.304003311917299
2020,SOUTH CAROLINA,SC,00045,1091541,1385103,2476644,0.44073391250417904,0.559266087495821,-11.853217499164188,Republican,44.073391250417906,55.926608749582094,42.53974363947598,57.46025636052402,1.5336476109419266,-1.5336476109419266,3.067295221883853
2024,SOUTH CAROLINA,SC,00045,1028452,1483747,2512199,0.40938317386480927,0.5906168261351907,-18.12336522703815,Republican,40.938317386480925,59.061682613519075,44.073391250417906,55.926608749582094,-3.135073863936981,3.135073863936981,-6.270147727873962
2008,SOUTH DAKOTA,SD,00046,170924,203054,373978,0.45704292765884624,0.5429570723411538,-8.591414468230752,Republican,45.704292765884624,54.295707234115376,NA,NA,NA,NA,NA
2012,SOUTH DAKOTA,SD,00046,145039,210610,355649,0.4078150086180476,0.5921849913819525,-18.43699827639049,Republican,40.78150086180476,59.21849913819525,45.704292765884624,54.295707234115376,-4.922791904079865,4.922791904079872,-9.845583808159738
2016,SOUTH DAKOTA,SD,00046,117458,227721,345179,0.3402814192056875,0.6597185807943126,-31.943716158862507,Republican,34.02814192056875,65.97185807943126,40.78150086180476,59.21849913819525,-6.753358941236009,6.753358941236009,-13.506717882472017
2020,SOUTH DAKOTA,SD,00046,150471,261043,411514,0.365652201383185,0.634347798616815,-26.869559723362997,Republican,36.5652201383185,63.4347798616815,34.02814192056875,65.97185807943126,2.5370782177497517,-2.537078217749759,5.074156435499511
2024,SOUTH DAKOTA,SD,00046,146859,272081,418940,0.3505490046307347,0.6494509953692653,-29.89019907385307,Republican,35.054900463073466,64.94509953692653,36.5652201383185,63.4347798616815,-1.5103196752450359,1.5103196752450359,-3.0206393504900717
2008,TENNESSEE,TN,00047,1087437,1479178,2566615,0.4236852819764554,0.5763147180235446,-15.262943604708923,Republican,42.36852819764554,57.63147180235446,NA,NA,NA,NA,NA
2012,TENNESSEE,TN,00047,960709,1462330,2423039,0.3964892847370595,0.6035107152629404,-20.70214305258809,Republican,39.64892847370595,60.35107152629404,42.36852819764554,57.63147180235446,-2.719599723939588,2.719599723939581,-5.439199447879169
2016,TENNESSEE,TN,00047,870695,1522925,2393620,0.3637565695473801,0.6362434304526199,-27.248686090523975,Republican,36.37565695473801,63.62434304526199,39.64892847370595,60.35107152629404,-3.273271518967938,3.2732715189679453,-6.5465430379358835
2020,TENNESSEE,TN,00047,1143711,1852475,2996186,0.38172229627933646,0.6182777037206635,-23.6555407441327,Republican,38.172229627933646,61.82777037206635,36.37565695473801,63.62434304526199,1.7965726731956337,-1.7965726731956408,3.5931453463912746
2024,TENNESSEE,TN,00047,1056265,1966865,3023130,0.34939450172503334,0.6506054982749667,-30.121099654993337,Republican,34.939450172503335,65.06054982749667,38.172229627933646,61.82777037206635,-3.232779455430311,3.2327794554303253,-6.465558910860636
2008,TEXAS,TX,00048,3528633,4479328,8007961,0.4406406324905928,0.5593593675094072,-11.871873501881439,Republican,44.06406324905928,55.93593675094072,NA,NA,NA,NA,NA
2012,TEXAS,TX,00048,3308124,4569843,7877967,0.41992102784893615,0.5800789721510639,-16.015794430212765,Republican,41.99210278489362,58.00789721510638,44.06406324905928,55.93593675094072,-2.071960464165663,2.071960464165663,-4.143920928331326
2016,TEXAS,TX,00048,3877868,4685047,8562915,0.45286774422028014,0.5471322557797199,-9.426451155943973,Republican,45.28677442202802,54.71322557797199,41.99210278489362,58.00789721510638,3.2946716371343996,-3.2946716371343925,6.589343274268792
2020,TEXAS,TX,00048,5259126,5890347,11149473,0.4716927876322047,0.5283072123677953,-5.661442473559063,Republican,47.16927876322047,52.83072123677953,45.28677442202802,54.71322557797199,1.8825043411924511,-1.8825043411924582,3.7650086823849094
2024,TEXAS,TX,00048,4835250,6393597,11228847,0.43060966099190773,0.5693903390080923,-13.878067801618464,Republican,43.06096609919077,56.939033900809235,47.16927876322047,52.83072123677953,-4.108312664029697,4.108312664029704,-8.2166253280594
2008,UTAH,UT,00049,327670,596030,923700,0.35473638627259935,0.6452636137274007,-29.052722745480132,Republican,35.47363862725994,64.52636137274007,NA,NA,NA,NA,NA
2012,UTAH,UT,00049,251813,740600,992413,0.25373811104852517,0.7462618889514748,-49.25237779029496,Republican,25.373811104852518,74.62618889514748,35.47363862725994,64.52636137274007,-10.09982752240742,10.09982752240741,-20.199655044814826
2016,UTAH,UT,00049,310674,515211,825885,0.37617101654588714,0.6238289834541129,-24.76579669082257,Republican,37.617101654588716,62.382898345411284,25.373811104852518,74.62618889514748,12.243290549736198,-12.243290549736194,24.48658109947239
2020,UTAH,UT,00049,560282,865140,1425422,0.39306394878148365,0.6069360512185163,-21.387210243703265,Republican,39.30639487814837,60.69360512185163,37.617101654588716,62.382898345411284,1.6892932235596518,-1.6892932235596518,3.3785864471193037
2024,UTAH,UT,00049,562566,883818,1446384,0.388946503833007,0.611053496166993,-22.2106992333986,Republican,38.8946503833007,61.1053496166993,39.30639487814837,60.69360512185163,-0.4117444948476674,0.4117444948476674,-0.8234889896953348
2008,VIRGINIA,VA,00051,1959532,1725005,3684537,0.5318258440612755,0.46817415593872447,6.3651688122551064,Democratic,53.18258440612755,46.81741559387245,NA,NA,NA,NA,NA
2012,VIRGINIA,VA,00051,1971820,1822522,3794342,0.5196737668876448,0.48032623311235517,3.9347533775289563,Democratic,51.967376688764475,48.03262331123552,53.18258440612755,46.81741559387245,-1.2152077173630786,1.2152077173630715,-2.43041543472615
2016,VIRGINIA,VA,00051,1981473,1769443,3750916,0.528263762771547,0.471736237228453,5.652752554309394,Democratic,52.826376277154694,47.1736237228453,51.967376688764475,48.03262331123552,0.8589995883902191,-0.8589995883902191,1.7179991767804381
2020,VIRGINIA,VA,00051,2413568,1962430,4375998,0.551546869993999,0.4484531300060009,10.309373998799813,Democratic,55.15468699939991,44.84531300060009,52.826376277154694,47.1736237228453,2.328310722245213,-2.328310722245206,4.656621444490419
2024,VIRGINIA,VA,00051,2333778,2074097,4407875,0.5294564841335111,0.47054351586648896,5.8912968267022094,Democratic,52.94564841335111,47.0543515866489,55.15468699939991,44.84531300060009,-2.2090385860487984,2.2090385860488055,-4.418077172097604
2008,VERMONT,VT,00050,219262,98974,318236,0.688991817393381,0.311008182606619,37.79836347867621,Democratic,68.8991817393381,31.1008182606619,NA,NA,NA,NA,NA
2012,VERMONT,VT,00050,199239,92698,291937,0.6824725882639062,0.3175274117360937,36.49451765278125,Democratic,68.24725882639062,31.752741173609373,68.8991817393381,31.1008182606619,-0.6519229129474837,0.6519229129474731,-1.3038458258949603
2016,VERMONT,VT,00050,178573,95369,273942,0.6518642632382037,0.34813573676179627,30.37285264764074,Democratic,65.18642632382037,34.81357367617963,68.24725882639062,31.752741173609373,-3.06083250257025,3.060832502570257,-6.121665005140507
2020,VERMONT,VT,00050,242820,112704,355524,0.6829918655280656,0.3170081344719344,36.59837310561312,Democratic,68.29918655280656,31.700813447193436,65.18642632382037,34.81357367617963,3.1127602289861898,-3.1127602289861933,6.2255204579723795
2024,VERMONT,VT,00050,235791,119395,355186,0.663852178858401,0.336147821141599,32.77043577168019,Democratic,66.38521788584009,33.6147821141599,68.29918655280656,31.700813447193436,-1.9139686669664684,1.9139686669664648,-3.8279373339329297
2008,WASHINGTON,WA,00053,1750848,1229216,2980064,0.5875202680210895,0.4124797319789105,17.5040536042179,Democratic,58.75202680210895,41.24797319789105,NA,NA,NA,NA,NA
2012,WASHINGTON,WA,00053,1755396,1290670,3046066,0.5762829827062185,0.42371701729378153,15.256596541243695,Democratic,57.62829827062185,42.37170172937815,58.75202680210895,41.24797319789105,-1.123728531487103,1.123728531487103,-2.247457062974206
2016,WASHINGTON,WA,00053,1742718,1221747,2964465,0.5878693120006476,0.4121306879993523,17.573862400129535,Democratic,58.786931200064764,41.21306879993523,57.62829827062185,42.37170172937815,1.1586329294429163,-1.1586329294429234,2.3172658588858397
2020,WASHINGTON,WA,00053,2369612,1584651,3954263,0.599255031847907,0.4007449681520931,19.85100636958139,Democratic,59.9255031847907,40.07449681520931,58.786931200064764,41.21306879993523,1.1385719847259352,-1.138571984725921,2.2771439694518563
2024,WASHINGTON,WA,00053,2245849,1530923,3776772,0.5946477573970576,0.4053522426029424,18.929551479411515,Democratic,59.46477573970576,40.53522426029424,59.9255031847907,40.07449681520931,-0.4607274450849417,0.4607274450849346,-0.9214548901698763
2008,WISCONSIN,WI,00055,1677211,1262393,2939604,0.5705567824781841,0.42944321752181586,14.11135649563682,Democratic,57.055678247818406,42.94432175218159,NA,NA,NA,NA,NA
2012,WISCONSIN,WI,00055,1620985,1410966,3031951,0.5346342998287241,0.4653657001712759,6.926859965744825,Democratic,53.46342998287241,46.53657001712759,57.055678247818406,42.94432175218159,-3.5922482649459937,3.592248264946001,-7.1844965298919945
2016,WISCONSIN,WI,00055,1382536,1405284,2787820,0.49592010961970284,0.5040798903802971,-0.8159780760594302,Republican,49.59201096197028,50.40798903802971,53.46342998287241,46.53657001712759,-3.871419020902131,3.871419020902124,-7.742838041804255
2020,WISCONSIN,WI,00055,1630866,1610184,3241050,0.5031906326653399,0.4968093673346601,0.6381265330679895,Democratic,50.319063266533995,49.680936733466005,49.59201096197028,50.40798903802971,0.7270523045637134,-0.7270523045637063,1.4541046091274197
2024,WISCONSIN,WI,00055,1668229,1697626,3365855,0.49563305608827474,0.5043669439117252,-0.8733887823450459,Republican,49.56330560882748,50.43669439117252,50.319063266533995,49.680936733466005,-0.7557576577065177,0.7557576577065177,-1.5115153154130354
2008,WEST VIRGINIA,WV,00054,303857,397466,701323,0.4332625623286275,0.5667374376713725,-13.347487534274507,Republican,43.32625623286275,56.67374376713725,NA,NA,NA,NA,NA
2012,WEST VIRGINIA,WV,00054,238269,417655,655924,0.36325702367957263,0.6367429763204273,-27.348595264085468,Republican,36.32570236795726,63.67429763204273,43.32625623286275,56.67374376713725,-7.000553864905484,7.000553864905477,-14.001107729810961
2016,WEST VIRGINIA,WV,00054,188794,489371,678165,0.27838947748704224,0.7216105225129578,-44.32210450259154,Republican,27.838947748704225,72.16105225129577,36.32570236795726,63.67429763204273,-8.486754619253038,8.486754619253041,-16.973509238506075
2020,WEST VIRGINIA,WV,00054,235984,545382,781366,0.3020146768607797,0.6979853231392202,-39.59706462784405,Republican,30.201467686077972,69.79853231392202,27.838947748704225,72.16105225129577,2.3625199373737473,-2.3625199373737473,4.725039874747495
2024,WEST VIRGINIA,WV,00054,214309,533556,747865,0.286561077199762,0.713438922800238,-42.6877845600476,Republican,28.656107719976198,71.3438922800238,30.201467686077972,69.79853231392202,-1.545359966101774,1.5453599661017705,-3.090719932203548
2008,WYOMING,WY,00056,82868,164958,247826,0.3343797664490409,0.6656202335509591,-33.12404671019183,Republican,33.43797664490409,66.56202335509592,NA,NA,NA,NA,NA
2012,WYOMING,WY,00056,69286,170962,240248,0.2883936598847857,0.7116063401152143,-42.32126802304285,Republican,28.839365988478573,71.16063401152142,33.43797664490409,66.56202335509592,-4.598610656425517,4.598610656425507,-9.19722131285102
2016,WYOMING,WY,00056,55973,174419,230392,0.2429468037084621,0.7570531962915379,-51.41063925830758,Republican,24.294680370846212,75.70531962915379,28.839365988478573,71.16063401152142,-4.544685617632361,4.544685617632368,-9.089371235264736
2020,WYOMING,WY,00056,73491,193559,267050,0.27519565624414905,0.724804343755851,-44.960868751170196,Republican,27.519565624414906,72.4804343755851,24.294680370846212,75.70531962915379,3.2248852535686936,-3.2248852535686865,6.449770507137387
2024,WYOMING,WY,00056,69527,192633,262160,0.26520826975892586,0.7347917302410741,-46.95834604821482,Republican,26.520826975892586,73.47917302410741,27.519565624414906,72.4804343755851,-0.9987386485223197,0.9987386485223055,-1.9974772970446253
