GEOID,NAME,state_po.x,acs_year,population,median_age,white_nonhispanic,black_nonhispanic,hispanic,hispanic_mexican,hispanic_puerto_rican,hispanic_cuban,hispanic_honduran,hispanic_venezuelan,hispanic_salvadoran,hispanic_nicaraguan,hispanic_guatemalan,hispanic_dominican,asian,native_american,native_hawaiian_pacific,median_household_income,per_capita_income,poverty_universe,below_poverty,education_25plus,male_hs,male_some_college_less_1yr,male_some_college_1plus,male_associates,male_bachelors,male_masters,male_professional,male_doctorate,female_hs,female_some_college_less_1yr,female_some_college_1plus,female_associates,female_bachelors,female_masters,female_professional,female_doctorate,election_year,unemployment_rate,white_nonhispanic_pct,black_pct,hispanic_pct,hispanic_mexican_pct,hispanic_puerto_rican_pct,hispanic_cuban_pct,hispanic_honduran_pct,hispanic_venezuelan_pct,hispanic_salvadoran_pct,hispanic_nicaraguan_pct,hispanic_guatemalan_pct,hispanic_dominican_pct,asian_pct,native_american_pct,native_hawaiian_pacific_pct,poverty_pct,hs_or_higher,bachelors_or_higher,hs_or_higher_pct,bachelors_or_higher_pct,state,dem_votes,rep_votes,two_party_votes,dem_share,rep_share,dem_margin,winner_party,dem_pct,rep_pct,previous_dem_pct,previous_rep_pct,dem_shift,rep_shift,margin_shift,predicted_dem_pct,prediction_error,absolute_error,squared_error,actual_winner,predicted_winner,winner_correct,winner_result
2,Alaska,AK,2023,733971,35.6,428104,22774,52473,26443,7050,2372,481,204,973,289,741,2262,47099,101226,11379,89336,44928,716703,72978,487903,82601,18655,43448,23153,43413,17824,4701,3644,58605,16701,39043,21411,52380,23180,4593,2697,2024,4.2,58.32710012,3.102847388,7.149192543,3.602730898,0.960528413,0.323173531,0.065533924,0.027794014,0.132566546,0.039374853,0.100957667,0.308186563,6.417011026,13.79155307,1.550333733,10.18246052,456049,152432,93.47124326,31.24227562,ALASKA,140026,184458,324484,0.431534375,0.568465625,-13.69312508,Republican,43.15343746,56.84656254,44.73815128,55.26184872,-1.584713819,1.584713819,-3.169427637,48.206846049382,-5.053408589382002,5.053408589382002,25.536938371239795,Republican,Republican,TRUE,Correct
1,Alabama,AL,2023,5054253,39.3,3225652,1318507,271640,155209,24592,9966,6023,2471,5527,705,27922,3699,71969,22491,2564,62027,34835,4913932,768185,3448302,521949,103874,232849,124247,270963,107734,32334,25080,524425,120810,268775,184911,314023,161442,26410,19095,2024,2.5,63.82054875,26.08707953,5.374483628,3.070859334,0.486560526,0.197180474,0.119166967,0.048889519,0.109353449,0.013948649,0.552445633,0.073185889,1.42392951,0.444991574,0.050729554,15.63279671,3038921,957081,88.12804099,27.75513862,ALABAMA,772412,1462616,2235028,0.345593881,0.654406119,-30.88122386,Republican,34.55938807,65.44061193,37.08862517,62.91137483,-2.529237096,2.529237096,-5.058474193,40.40818444323639,-5.8487963732363895,5.8487963732363895,34.20841901558314,Republican,Republican,TRUE,Correct
5,Arkansas,AR,2023,3032651,38.4,2073216,452127,265833,187349,8902,2825,4948,1219,26223,799,10699,1307,47309,16893,12040,58773,33147,2944742,471783,2043779,366238,65611,137635,62509,149032,54805,17682,11675,336540,73076,154701,100391,175593,82787,12262,9385,2024,3.3,68.36315817,14.90863934,8.765697075,6.177730309,0.293538558,0.093152822,0.163157581,0.040195855,0.864689013,0.026346586,0.352793645,0.043097607,1.559988274,0.557037391,0.397012383,16.02119982,1809922,513221,88.55761802,25.11137457,ARKANSAS,396905,759241,1156146,0.343300068,0.656699932,-31.33998647,Republican,34.33000676,65.66999324,35.78756672,64.21243328,-1.457559958,1.457559958,-2.915119916,36.28393036489103,-1.953923604891024,1.953923604891024,3.8178174537503344,Republican,Republican,TRUE,Correct
4,Arizona,AZ,2023,7268175,38.8,3878932,336931,2255770,1946282,49014,20426,6813,3859,21022,5022,24412,6878,249816,296794,14434,76872,40736,7109159,907125,4990633,596309,180566,396313,213491,487311,205391,57676,40986,575384,201402,409542,245636,512224,249173,41638,33063,2024,3.9,53.36872048,4.63570291,31.03626426,26.77813894,0.67436461,0.281033409,0.093737424,0.053094484,0.289233542,0.06909575,0.335875237,0.094631734,3.437121423,4.083473499,0.198591806,12.75994812,4446105,1627462,89.08899933,32.6103322,ARIZONA,1582860,1770242,3353102,0.47205841,0.52794159,-5.588317922,Republican,47.20584104,52.79415896,50.15683168,49.84316832,-2.95099064,2.95099064,-5.90198128,55.294189415721604,-8.088348375721601,8.088348375721601,65.42137944703826,Republican,Democratic,FALSE,Predicted D / Actual R
6,California,CA,2023,39242785,37.6,13573226,2173343,15630830,12657515,224544,99986,112000,27518,756584,120047,486910,23937,5997069,445219,147827,96334,47977,38529452,4610600,26941198,2849541,775323,1858929,954957,2894023,1200233,365988,294920,2646654,836842,1856034,1179411,3141586,1386770,337169,213672,2024,4.8,34.58782551,5.538197658,39.83109252,32.25437491,0.572191805,0.254788237,0.285402782,0.070122444,1.927956948,0.305908462,1.240763111,0.0609972,15.28196584,1.134524474,0.376698545,11.96643025,22792052,9834361,84.59925205,36.50305751,CALIFORNIA,9276179,6081697,15357876,0.604001426,0.395998574,20.80028514,Democratic,60.40014257,39.59985743,64.90891136,35.09108864,-4.508768789,4.508768789,-9.017537578,72.33197774585354,-11.931835175853536,11.931835175853536,142.36869066373578,Democratic,Democratic,TRUE,Correct
8,Colorado,CO,2023,5810774,37.5,3814910,232985,1291078,915399,41120,13297,9405,8884,19956,3595,13653,5231,187534,58576,8647,92470,50489,5693064,534188,4038534,433942,120925,280935,154173,549897,229802,56237,44829,377081,124788,265549,182340,567877,275398,47023,35292,2024,3.2,65.65235543,4.009534702,22.21869238,15.75347794,0.707650995,0.228833543,0.161854514,0.15288841,0.343431013,0.061867834,0.234960093,0.090022431,3.227349747,1.008058479,0.14880978,9.383137095,3746088,1806355,92.75860993,44.72798793,COLORADO,1728159,1377441,3105600,0.556465417,0.443534583,11.29308346,Democratic,55.64654173,44.35345827,56.93831949,43.06168051,-1.291777761,1.291777761,-2.583555522,64.97140732200012,-9.324865592000116,9.324865592000116,86.95311830886766,Democratic,Democratic,TRUE,Correct
9,Connecticut,CT,2023,3598348,41.2,2265780,384753,640668,63478,294813,14346,10355,6404,10169,2841,26909,56499,170954,9569,1806,93760,54409,3510193,351948,2532853,332324,66101,133525,78014,279589,145008,44318,27295,314770,72479,138486,115202,302346,203918,38615,21314,2024,3.8,62.96722829,10.69249,17.80450362,1.764087298,8.193009681,0.398682951,0.287770944,0.177970558,0.282601905,0.078952897,0.747815386,1.570137185,4.750902359,0.265927587,0.050189698,10.02645723,2313304,1062403,91.3319486,41.9449135,CONNECTICUT,992053,736918,1728971,0.573782325,0.426217675,14.75646497,Democratic,57.37823249,42.62176751,60.19504909,39.80495091,-2.816816602,2.816816602,-5.633633204,64.95023823060066,-7.572005740600659,7.572005740600659,57.33527093568933,Democratic,Democratic,TRUE,Correct
10,Delaware,DE,2023,1005872,41.5,593548,220645,107829,36516,31020,1762,2444,1000,2171,323,11222,6215,41164,3744,403,82855,44219,981264,105246,710442,103739,20393,41615,23385,65871,32144,7842,8898,102453,23855,47201,36031,78468,45286,6441,5676,2024,4,59.00830324,21.93569361,10.71995244,3.630282978,3.08389139,0.175171394,0.242973261,0.099416228,0.215832631,0.032111442,1.11564891,0.617871856,4.092369606,0.372214357,0.04006474,10.72555398,649298,250626,91.39352685,35.27747515,DELAWARE,289758,215265,505023,0.573752087,0.426247913,14.75041731,Democratic,57.37520865,42.62479135,59.62674416,40.37325584,-2.251535511,2.251535511,-4.503071022,63.38965215645104,-6.014443506451045,6.014443506451045,36.17353069229114,Democratic,Democratic,TRUE,Correct
12,Florida,FL,2023,21928881,42.6,11266583,3363769,5865737,730567,1208449,1566370,155633,334415,84183,163867,159910,284626,628137,66779,13136,71711,41055,21459978,2707698,15850299,2173917,486814,951931,691162,1555662,615571,221087,117701,2172485,550198,1008258,908166,1729701,762001,164144,98064,2024,2.9,51.37782908,15.33944664,26.74891163,3.331528864,5.510764548,7.142954536,0.709717017,1.524998015,0.383890997,0.747265672,0.729220976,1.297950406,2.864427966,0.304525343,0.059902737,12.61743139,14206862,5263931,89.6315079,33.21029464,FLORIDA,4683038,6110125,10793163,0.433889306,0.566110694,-13.22213887,Republican,43.38893057,56.61106943,48.30524534,51.69475466,-4.916314771,4.916314771,-9.832629543,52.36632978500528,-8.977399215005278,8.977399215005278,80.59369666557738,Republican,Democratic,FALSE,Predicted D / Actual R
13,Georgia,GA,2023,10822590,37.4,5394071,3391689,1158299,592108,123749,41738,41402,29620,52884,10139,72658,31108,472915,42058,7338,74664,39525,10560625,1423159,7253060,989321,197430,461971,249747,709812,289074,81925,56776,961377,233915,522395,354673,793762,407136,86766,55656,2024,3.2,49.8408514,31.33897708,10.70260446,5.471037894,1.143432395,0.385656299,0.382551681,0.273686798,0.488644585,0.093683675,0.671355008,0.287435817,4.369702631,0.388613077,0.067802624,13.47608688,6451736,2480907,88.95191822,34.20497004,GEORGIA,2548017,2663117,5211134,0.488956338,0.511043662,-2.208732303,Republican,48.89563385,51.10436615,50.11932966,49.88067034,-1.223695814,1.223695814,-2.447391629,54.92529080232276,-6.02965695232276,6.02965695232276,36.3567629626942,Republican,Democratic,FALSE,Predicted D / Actual R
15,Hawaii,HI,2023,1445635,40.6,305329,27740,142225,47729,48113,1910,621,823,1574,234,589,1558,538807,3835,149030,98317,44823,1409460,140461,1027351,144716,30392,72143,55032,107293,38526,14262,9469,129096,32104,68740,57780,123348,50791,13253,7456,2024,3,21.12075316,1.918879939,9.838237176,3.301594109,3.328156831,0.13212187,0.042956901,0.05693,0.108879489,0.016186658,0.040743341,0.107772709,37.27130292,0.265281347,10.30896457,9.965589658,954401,364398,92.89921361,35.46966908,HAWAII,313044,193661,506705,0.617803258,0.382196742,23.56065166,Democratic,61.78032583,38.21967417,65.03266465,34.96733535,-3.252338816,3.252338816,-6.504677632,69.66459057450979,-7.884264744509785,7.884264744509785,62.16163056151995,Democratic,Democratic,TRUE,Correct
19,Iowa,IA,2023,3195937,38.6,2654679,123234,223471,157347,9894,3764,4491,754,10364,995,13243,1476,78267,10998,4396,73147,39728,3096878,340362,2140476,349003,72936,135410,114752,206090,64122,21452,15979,300966,80220,138160,143291,235310,90166,14609,12891,2024,2.9,83.06418431,3.855958362,6.992346845,4.923344859,0.309580571,0.117774537,0.140522169,0.023592455,0.324286743,0.03113328,0.41436987,0.046183639,2.448953155,0.34412443,0.137549645,10.99048784,1995357,660619,93.22024634,30.86318183,IOWA,707278,927019,1634297,0.432772011,0.567227989,-13.44559771,Republican,43.27720115,56.72279885,45.81673692,54.18326308,-2.53953577,2.53953577,-5.07907154,46.59907441096309,-3.3218732609630877,3.3218732609630877,11.034841961901538,Republican,Republican,TRUE,Correct
16,Idaho,ID,2023,1893296,37.1,1502167,14108,252466,204713,6719,1183,955,1274,3028,672,3162,674,24979,21532,3098,74636,37169,1843325,196060,1244319,169796,46730,101873,55820,121845,44343,13350,10647,152777,53066,107038,65617,136993,46874,8042,5938,2024,3.1,79.34137082,0.745155538,13.33473477,10.81251954,0.354883758,0.062483626,0.050441135,0.067290059,0.159932731,0.035493658,0.167010335,0.035599294,1.319339395,1.137275946,0.163629987,10.63621445,1140749,388032,91.67657168,31.18428634,IDAHO,274972,605246,880218,0.312390794,0.687609206,-37.52184118,Republican,31.23907941,68.76092059,34.12285707,65.87714293,-2.883777665,2.883777665,-5.76755533,38.03619903463958,-6.797119624639581,6.797119624639581,46.200835191660524,Republican,Republican,TRUE,Correct
17,Illinois,IL,2023,12692653,38.9,7456575,1750414,2348118,1804094,212170,30886,21612,15866,21026,5060,46438,9771,738308,66990,5514,81702,45104,12410718,1454217,8738607,1132544,275689,551337,319335,932369,402840,117708,72578,1075002,309443,568635,405805,1016830,549301,96796,61072,2024,4.5,58.74717445,13.79076541,18.49982033,14.21368724,1.671596947,0.243337622,0.170271731,0.125001448,0.165654887,0.039865582,0.365865198,0.076981542,5.816813869,0.527785641,0.043442454,11.71742844,7887284,3249494,90.25790953,37.18549192,ILLINOIS,3062863,2449079,5511942,0.555677654,0.444322346,11.13553082,Democratic,55.56776541,44.43223459,58.65904373,41.34095627,-3.091278325,3.091278325,-6.182556649,63.356619379854024,-7.788853969854024,7.788853969854024,60.666246163710795,Democratic,Democratic,TRUE,Correct
18,Indiana,IN,2023,6811752,38,5184070,630680,569410,387866,53283,9062,13973,10147,15746,2729,15790,5553,172936,17208,2345,70051,37178,6616834,807582,4559304,767043,149821,277031,177502,395652,148912,40150,30947,729171,166407,297600,235992,439785,202909,30506,24225,2024,3.3,76.10479653,9.258704662,8.359229755,5.69407107,0.782221666,0.13303479000000001,0.20513078,0.148963145,0.231159326,0.040063114,0.231805268,0.081520877,2.538788846,0.252622233,0.034425798,12.20496086,4113653,1313086,90.22545985,28.80014143,INDIANA,1163603,1720347,2883950,0.403475442,0.596524558,-19.30491167,Republican,40.34754417,59.65245583,41.80495199,58.19504801,-1.457407826,1.457407826,-2.914815651,43.0157084363683,-2.6681642663683007,2.6681642663683007,7.119100552324692,Republican,Republican,TRUE,Correct
20,Kansas,KS,2023,2937569,37.2,2155363,159829,389514,304798,16735,5293,5147,2576,8409,1867,11205,1663,86212,21898,2586,72639,39638,2850379,328475,1933293,260181,73530,135470,77531,203476,80598,21849,15643,234934,82311,136235,96842,222052,107760,16249,12037,2024,2.7,73.37233611,5.440859432,13.2597396,10.37585841,0.569688746,0.180183002,0.175212906,0.087691557,0.286257106,0.063555954,0.381437849,0.056611436,2.934807659,0.74544632,0.088031975,11.52390612,1776698,679664,91.90008964,35.1557679,KANSAS,544853,758802,1303655,0.417942631,0.582057369,-16.41147389,Republican,41.79426305,58.20573695,42.50657174,57.49342826,-0.712308692,0.712308692,-1.424617383,46.41541702331438,-4.621153973314385,4.621153973314385,21.355064045079327,Republican,Republican,TRUE,Correct
21,Kentucky,KY,2023,4510725,39.1,3712826,355237,212163,107967,19011,29357,7396,1858,4044,657,13202,2183,68482,7610,3737,62417,34960,4382816,707480,3078157,526736,99837,193773,108373,235174,94368,31595,19341,479979,112044,208521,165072,254668,150640,28450,16620,2024,4.2,82.31106973,7.875385886,4.70352327,2.393562011,0.421462182,0.650826641,0.163964773,0.041190718,0.089652994,0.014565286,0.292680223,0.048395768,1.518203836,0.168709021,0.082846992,16.14213328,2725191,830856,88.53320347,26.99199553,KENTUCKY,704043,1337494,2041537,0.34485929,0.65514071,-31.02814203,Republican,34.48592898,65.51407102,36.7998971,63.2001029,-2.313968116,2.313968116,-4.627936232,37.750566659422184,-3.2646376794221865,3.2646376794221865,10.65785917790308,Republican,Republican,TRUE,Correct
22,Louisiana,LA,2023,4621025,37.8,2598789,1434953,321022,97973,18173,15089,71215,2048,10386,10822,11932,8305,79925,27605,2884,60023,34211,4494539,848769,3110254,519583,84864,216788,89204,232710,74873,32542,19511,492538,102118,240036,131929,288958,135851,25017,16332,2024,3.7,56.23836703,31.05269935,6.94698687,2.120157324,0.393267727,0.326529287,1.541108304,0.044319172,0.22475533,0.234190466,0.258211111,0.179722031,1.729594625,0.597378287,0.062410396,18.88445066,2702854,825794,86.90139133,26.55069329,LOUISIANA,766870,1208505,1975375,0.388214896,0.611785104,-22.35702082,Republican,38.82148959,61.17851041,40.53555954,59.46444046,-1.714069953,1.714069953,-3.428139906,43.18787726720533,-4.366387677205331,4.366387677205331,19.06534134765057,Republican,Republican,TRUE,Correct
25,Massachusetts,MA,2023,6992395,40,4738848,489390,904679,54046,328541,16831,20541,8209,74135,3083,56086,179670,494890,16406,2593,101341,56284,6777241,676516,4945630,585933,116622,224438,149167,601978,315775,81022,88589,543869,127541,243742,223210,647662,424218,74393,72262,2024,3.4,67.77145742,6.998889508,12.93804197,0.772925443,4.698547493,0.240704365,0.293762009,0.117398974,1.060223285,0.044090759,0.802099996,2.56950587,7.077546391,0.234626333,0.037083145,9.982174162,4520421,2305899,91.40232892,46.62498003,MASSACHUSETTS,2126518,1251303,3377821,0.629553194,0.370446806,25.91063884,Democratic,62.95531942,37.04468058,67.11554954,32.88445046,-4.16023012,4.16023012,-8.320460239,73.03924089881502,-10.083921478815022,10.083921478815022,101.68547239090694,Democratic,Democratic,TRUE,Correct
24,Maryland,MD,2023,6170738,39.3,2923706,1825880,744272,116679,68142,16587,45572,7856,209211,11478,70275,30125,398305,23158,2556,101652,51689,6042502,564966,4272813,513697,120538,234587,122737,450985,253297,71760,67397,500478,137134,262441,172455,508940,354136,63535,55995,2024,2.1,47.38016749,29.58932951,12.0613126,1.890843526,1.104276344,0.268800912,0.738517824,0.127310542,3.390372432,0.186006925,1.138842712,0.488191202,6.454738477,0.375287364,0.041421302,9.349868647,3890112,1826045,91.04334779,42.73636595,MARYLAND,1902577,1035550,2938127,0.64754757,0.35245243,29.50951405,Democratic,64.75475703,35.24524297,67.02904705,32.97095295,-2.27429002,2.27429002,-4.54858004,72.06022032938326,-7.305463299383263,7.305463299383263,53.36979401863579,Democratic,Democratic,TRUE,Correct
23,Maine,ME,2023,1377400,44.8,1248450,23145,28609,8327,6820,1330,385,278,916,224,700,766,15318,6237,276,71773,42035,1338071,144263,1016630,163577,30316,60117,47265,100803,37234,12898,8840,146666,30474,64532,58329,122910,58571,10425,7642,2024,2.9,90.63815885,1.680339771,2.0770291849999998,0.604544795,0.495135763,0.096558734,0.027951212,0.020182953,0.066502105,0.016262524,0.050820386,0.055612023,1.112095252,0.452809641,0.020037752,10.78141593,960599,359323,94.48855532,35.34452062,MAINE,435652,377977,813629,0.535443058,0.464556942,7.08861164,Democratic,53.54430582,46.45569418,54.67040458,45.32959542,-1.126098762,1.126098762,-2.252197524,57.47236340240182,-3.92805758240182,3.92805758240182,15.429636370664431,Democratic,Democratic,TRUE,Correct
26,Michigan,MI,2023,10051595,40.1,7333936,1346689,576808,398320,52550,18311,6290,3564,6093,1561,14107,8238,329676,46010,2670,71149,39538,9842260,1284470,6967452,1004724,260935,498795,285598,640169,281548,76266,53604,959814,276058,511553,391969,703342,361522,57448,39205,2024,3.9,72.96290788,13.39776424,5.738472352,3.96275417,0.5228026,0.182170093,0.062577133,0.035457059,0.060617245,0.015529874,0.140345885,0.081957142,3.279837678,0.457738299,0.026562948,13.05055953,6402550,2213104,91.89227281,31.76346245,MICHIGAN,2736533,2816636,5553169,0.492787632,0.507212368,-1.442473658,Republican,49.27876317,50.72123683,51.41355934,48.58644066,-2.134796173,2.134796173,-4.269592347,53.666303337697386,-4.387540167697388,4.387540167697388,19.250508723158024,Republican,Democratic,FALSE,Predicted D / Actual R
27,Minnesota,MN,2023,5713716,38.6,4383717,388789,353608,222290,17869,6846,7057,3373,13953,3270,11751,3978,289148,50833,2376,87556,46957,5591806,514300,3897590,493025,123523,261690,215398,471500,161305,49970,33444,423719,130018,255103,242104,513248,212493,41064,30350,2024,2.8,76.72269675,6.804485907,6.188757019,3.890462879,0.31273868,0.119816946,0.123509814,0.059033386,0.244201847,0.057230706,0.205663005,0.069621941,5.060594541,0.8896662,0.041584146,9.197386318,3657954,1513374,93.85168784,38.82845553,MINNESOTA,1656979,1519032,3176011,0.521717022,0.478282978,4.343404352,Democratic,52.17170218,47.82829782,53.63951365,46.36048635,-1.467811472,1.467811472,-2.935622945,58.6333659493898,-6.461663769389801,6.461663769389801,41.75309866864482,Democratic,Democratic,TRUE,Correct
29,Missouri,MO,2023,6168181,38.9,4737581,686616,311924,195110,22782,8750,9183,2238,10588,1652,12651,2958,127846,16830,9681,68920,38497,5994199,756528,4217432,662163,141130,278322,151285,390725,155256,46170,31534,617279,165400,302206,199685,433972,225273,36658,25642,2024,3,76.80677658,11.13157996,5.056985195,3.163169174,0.369347138,0.141857056,0.148876954,0.036282982,0.171655144,0.026782612,0.205100985,0.047955791,2.072669398,0.272851915,0.156950647,12.62100241,3862700,1345230,91.58891003,31.8968984,MISSOURI,1200599,1751986,2952585,0.406626397,0.593373603,-18.67472063,Republican,40.66263969,59.33736031,42.16417936,57.83582064,-1.501539669,1.501539669,-3.003079337,44.902216287752545,-4.239576597752546,4.239576597752546,17.97400972821105,Republican,Republican,TRUE,Correct
28,Mississippi,MS,2023,2951438,38.4,1636190,1090777,106126,56819,9895,3125,6560,625,1737,922,6563,1994,28918,13181,1411,54915,30529,2851847,543697,1970298,304167,59992,139901,86815,124132,46269,16087,11886,285058,66179,163451,125472,166001,87695,13299,10628,2024,3.2,55.43704459,36.95747632,3.595738755,1.925129378,0.335260304,0.105880591,0.222264537,0.021176118,0.058852668,0.03123901,0.222366182,0.067560288,0.979793579,0.446595863,0.047807204,19.06473243,1707032,475997,86.63826487,24.15862981,MISSISSIPPI,466668,747744,1214412,0.384274859,0.615725141,-23.14502821,Republican,38.42748589,61.57251411,41.61501417,58.38498583,-3.187528278,3.187528278,-6.375056556,43.1238550437536,-4.696369153753601,4.696369153753601,22.055883228328312,Republican,Republican,TRUE,Correct
30,Montana,MT,2023,1105072,40.2,929206,6015,48519,32227,2633,1020,321,516,186,367,288,69,9197,63108,485,69922,39842,1079200,129998,770335,114896,25671,59678,34452,85174,26576,9430,6888,99863,27173,60384,40330,90758,34264,7092,5884,2024,2.9,84.08556185,0.544308425,4.390573646,2.916280568,0.238265018,0.092301678,0.029047881,0.04669379,0.016831482,0.033210506,0.02606165,0.006243937,0.832253464,5.710759118,0.043888543,12.04577465,728513,266066,94.57093343,34.53899927,MONTANA,231906,352079,583985,0.397109515,0.602890485,-20.57809704,Republican,39.71095148,60.28904852,41.60281991,58.39718009,-1.891868428,1.891868428,-3.783736856,45.67246361799069,-5.961512137990688,5.961512137990688,35.53962697141031,Republican,Republican,TRUE,Correct
37,North Carolina,NC,2023,10584340,39.1,6419285,2178329,1158750,586611,130892,33272,72730,15846,66515,8450,46434,36828,333844,110873,6153,69904,39616,10297193,1355827,7261810,929636,213675,471883,301549,729714,281719,78845,60101,882892,242763,524033,429445,852995,399702,66028,52249,2024,3.5,60.64889261,20.58067863,10.94777757,5.542253934,1.236657175,0.314351202,0.687147238,0.149711744,0.628428414,0.079834926,0.438704728,0.347948006,3.154131481,1.04751926,0.058133053,13.16695725,6517229,2521353,89.74661964,34.7207239,NORTH CAROLINA,2715375,2898423,5613798,0.483696599,0.516303401,-3.260680203,Republican,48.3696599,51.6303401,49.31581747,50.68418253,-0.946157568,0.946157568,-1.892315136,52.590653105707425,-4.220993205707423,4.220993205707423,17.816783642628224,Republican,Democratic,FALSE,Predicted D / Actual R
38,North Dakota,ND,2023,779361,35.7,643154,25209,34963,21076,4118,291,268,30,718,250,352,311,12187,34916,1127,75949,42474,752523,79628,509149,71568,18317,41337,35284,53016,15190,4176,3413,59195,15968,35464,36220,62332,20109,2931,3211,2024,1.9,82.52324661,3.234572939,4.486111058,2.704266701,0.528381584,0.037338281,0.034387145,0.003849307,0.092126755,0.032077561,0.045165206,0.039904486,1.563716942,4.480080476,0.144605645,10.5814706,477731,164378,93.82931126,32.28485178,NORTH DAKOTA,112327,246505,358832,0.313035069,0.686964931,-37.39298613,Republican,31.30350693,68.69649307,32.78259158,67.21740842,-1.479084643,1.479084643,-2.958169287,36.05496657895555,-4.751459648955549,4.751459648955549,22.576368795652794,Republican,Republican,TRUE,Correct
31,Nebraska,NE,2023,1965926,37.1,1498458,93595,242226,168586,6681,6419,5136,879,10410,1113,19839,1483,49107,19581,933,74985,40637,1916409,197300,1290256,170415,47749,90217,69543,135910,46793,14752,9443,153838,51110,93050,71844,150471,62359,11431,9075,2024,2.3,76.22148545,4.760860785,12.32121657,8.575399074,0.339839852,0.326512799,0.261250932,0.044711754,0.529521457,0.056614542,1.009142765,0.075435189,2.497906839,0.996019179,0.047458551,10.29529709,1188000,440234,92.07475106,34.11989559,NEBRASKA,369995,564816,934811,0.395796583,0.604203417,-20.8406833,Republican,39.57965835,60.42034165,40.21594775,59.78405225,-0.636289405,0.636289405,-1.272578811,43.22427018882288,-3.6446118388228754,3.6446118388228754,13.283195455687862,Republican,Republican,TRUE,Correct
33,New Hampshire,NH,2023,1387834,43.2,1214784,21164,62758,10743,20209,1932,2394,337,2234,575,1328,10800,35818,1923,283,95628,50867,1347951,96457,1009222,144515,30271,54365,43372,119946,51460,11235,9504,128043,31504,58145,57172,123555,68785,9502,7851,2024,2.2,87.53092949,1.524966242,4.522010557,0.774083932,1.456153978,0.139209733,0.172499016,0.024282443,0.16097026,0.041431468,0.095688677,0.778191052,2.580856212,0.13856124,0.020391488,7.155823913,949225,401838,94.05512365,39.81661121,NEW HAMPSHIRE,418488,395523,814011,0.514106075,0.485893925,2.821214947,Democratic,51.41060747,48.58939253,53.74834772,46.25165228,-2.337740248,2.337740248,-4.675480496,60.24162162939941,-8.831014159399409,8.831014159399409,77.98681108351285,Democratic,Democratic,TRUE,Correct
34,New Jersey,NJ,2023,9267014,40.1,4813341,1201053,2032968,235772,474542,94084,59231,17295,85853,11566,79402,367576,918644,41900,2658,101050,53118,9101339,889287,6459220,821904,160915,328735,185415,794710,360372,103573,63128,841079,178692,321321,248737,871924,448108,78963,50908,2024,4.4,51.94058194,12.96051781,21.93768133,2.544206796,5.120764898,1.01525691,0.639159496,0.186629695,0.926436498,0.124808272,0.856824,3.96649881,9.913052899,0.452141326,0.028682378,9.77094689,5858484,2771686,90.69955815,42.91053719,NEW JERSEY,2220713,1968215,4188928,0.530138737,0.469861263,6.027747433,Democratic,53.01387372,46.98612628,58.07128359,41.92871641,-5.05740987,5.05740987,-10.11481974,66.0432864458197,-13.029412725819704,13.029412725819704,169.76559597975245,Democratic,Democratic,TRUE,Correct
35,New Mexico,NM,2023,2114768,39.2,772482,44709,1018321,675404,11416,5683,1339,813,3453,804,3274,2839,36065,201346,2049,62125,34823,2073857,375381,1450999,196694,44576,115300,60010,109061,58263,15537,18627,176636,49658,118161,73590,131673,80626,13237,11204,2024,3.8,36.52797848,2.114132614,48.15284703,31.93749858,0.539822808,0.268729241,0.063316638,0.038443933,0.163280322,0.038018355,0.154816037,0.134246404,1.705388014,9.520949816,0.096890061,18.10062121,1272853,438228,87.72252772,30.20181268,NEW MEXICO,478802,423391,902193,0.530709061,0.469290939,6.141812229,Democratic,53.07090611,46.92909389,55.51849015,44.48150985,-2.447584037,2.447584037,-4.895168075,58.622805851412494,-5.551899741412491,5.551899741412491,30.823590738696087,Democratic,Democratic,TRUE,Correct
32,Nevada,NV,2023,3141000,38.9,1443407,295802,917057,672912,29991,37402,6627,2984,44578,7138,23703,4677,274032,41434,22581,75561,39963,3100449,390414,2196081,312729,83502,177284,88718,190542,67277,22310,13547,289749,88408,174343,102566,199499,81859,16058,10301,2024,5.1,45.95374085,9.417446673,29.19633875,21.4234957,0.954823305,1.190767272,0.210983763,0.095001592,1.419229545,0.227252467,0.754632283,0.148901624,8.724355301,1.319134034,0.718911175,12.59217617,1918692,601393,87.36890852,27.38482779,NEVADA,705197,751205,1456402,0.48420491,0.51579509,-3.159017909,Republican,48.42049105,51.57950895,51.22311734,48.77688266,-2.802626294,2.802626294,-5.605252589,53.411192852916,-4.990701802916,4.990701802916,24.907104485629013,Republican,Democratic,FALSE,Predicted D / Actual R
36,New York,NY,2023,19872319,39.6,10608842,2927008,3898652,493811,1039812,83441,87879,26377,199486,17370,104329,892413,1769224,102927,9671,84578,49520,19391750,2656674,13996138,1713423,342699,701976,549584,1486669,699685,238263,131321,1724015,346177,690931,693293,1597100,1068259,200186,114020,2024,4.2,53.38502265,14.72907113,19.61850552,2.484918846,5.232464314,0.41988557,0.442218143,0.13273237,1.003838556,0.087408017,0.524996605,4.490734071,8.902956922,0.517941565,0.048665684,13.70002192,12297601,5535503,87.86424512,39.55021735,NEW YORK,4619195,3578899,8198094,0.563447431,0.436552569,12.68948612,Democratic,56.34474306,43.65525694,61.71683489,38.28316511,-5.372091834,5.372091834,-10.74418367,66.14150982848699,-9.79676676848699,9.79676676848699,95.97663911613101,Democratic,Democratic,TRUE,Correct
39,Ohio,OH,2023,11780046,39.6,9011101,1446466,537559,229290,143232,11798,11114,7645,15971,3143,19429,14556,288117,17151,4229,69680,39455,11478861,1519610,8123344,1341349,268642,497746,299828,737338,295946,86664,56870,1283586,290202,519696,427612,808340,418054,64296,46621,2024,3.5,76.4946164,12.27895035,4.563301366,1.946427034,1.215886593,0.10015241,0.094345981,0.064897879,0.13557672,0.026680711,0.164931444,0.123564883,2.44580539,0.145593659,0.03589969,13.23833436,7442790,2514129,91.62224325,30.94943412,OHIO,2533699,3180116,5713815,0.443433853,0.556566147,-11.31322943,Republican,44.34338529,55.65661471,45.92330235,54.07669765,-1.579917066,1.579917066,-3.159834132,47.926412677993525,-3.583027387993525,3.583027387993525,12.8380852631117,Republican,Republican,TRUE,Correct
40,Oklahoma,OK,2023,3995260,36.9,2509923,282536,490797,379722,19468,4122,7538,4977,6854,1230,20237,2704,93550,295365,7706,63603,34859,3872738,593820,2641325,419433,93176,188701,97015,223982,76767,24934,18011,391954,108008,198782,123385,254254,104422,18142,13281,2024,3.2,62.82251969,7.071780059,12.28448211,9.50431261,0.487277424,0.103172259,0.188673578,0.124572619,0.171553291,0.030786482,0.506525232,0.067680201,2.341524707,7.392885569,0.192878561,15.33333781,2354247,733793,89.13128827,27.78124615,OKLAHOMA,499599,1036213,1535812,0.325299581,0.674700419,-34.94008381,Republican,32.52995809,67.47004191,33.0599605,66.9400395,-0.530002409,0.530002409,-1.060004819,35.97828656613035,-3.4483284761303494,3.4483284761303494,11.890969279291458,Republican,Republican,TRUE,Correct
41,Oregon,OR,2023,4238714,40.1,3065611,81642,605467,478243,15555,8182,3225,2125,8686,2667,14179,1811,188624,46276,16973,80426,44063,4159818,494736,3021010,351709,112963,237107,130234,322991,125424,39622,32749,324473,128595,244953,146443,351910,164123,32976,24517,2024,3.7,72.32408226,1.926103059,14.2842145,11.28273811,0.366974512,0.193030245,0.076084397,0.05013313,0.204920643,0.062920027,0.334511835,0.042725223,4.450028947,1.091746223,0.400428054,11.89321264,2770789,1094312,91.71730646,36.22338225,OREGON,1240600,919480,2160080,0.57433058,0.42566942,14.86611607,Democratic,57.43305803,42.56694197,58.30715699,41.69284301,-0.874098951,0.874098951,-1.748197901,62.09680806693491,-4.663750036934914,4.663750036934914,21.750564407010412,Democratic,Democratic,TRUE,Correct
42,Pennsylvania,PA,2023,12986518,40.9,9585453,1393616,1087732,180566,484559,25050,17074,8805,15571,3681,24546,165400,480439,23921,4614,76081,43104,12575248,1480981,9153146,1530010,238751,447101,353468,914239,375560,113531,88092,1509306,262866,455852,457738,968906,536917,88189,71884,2024,3.4,73.81080132,10.73125221,8.375855637,1.390411194,3.731246513,0.192892352,0.131474811,0.067801084,0.11990127,0.02834478,0.189011404,1.273628543,3.699521304,0.184198721,0.035529154,11.77695263,8412410,3157318,91.90730706,34.49434763,PENNSYLVANIA,3423042,3543308,6966350,0.491368077,0.508631923,-1.726384692,Republican,49.13680765,50.86319235,50.58920526,49.41079474,-1.452397605,1.452397605,-2.904795211,53.34799375154714,-4.211186101547142,4.211186101547142,17.734088381863813,Republican,Democratic,FALSE,Predicted D / Actual R
44,Rhode Island,RI,2023,1095371,40.5,756498,63862,187503,13623,43892,2813,1444,1400,4047,724,28540,60721,38149,4855,670,86372,45919,1053498,114890,776505,104286,21807,43309,28242,82585,34859,11035,8059,101576,25035,46309,34598,90174,47557,8177,7221,2024,3,69.06317586,5.830170782,17.11776193,1.243688212,4.007044189,0.256807967,0.131827481,0.127810577,0.369463862,0.066096327,2.605509914,5.543418623,3.482746941,0.443228824,0.061166491,10.90557362,694829,289667,89.48158737,37.30394524,RHODE ISLAND,285156,214406,499562,0.570812031,0.429187969,14.16240627,Democratic,57.08120313,42.91879687,60.59935988,39.40064012,-3.51815675,3.51815675,-7.0363135,64.63898529362044,-7.557782163620438,7.557782163620438,57.12007123273922,Democratic,Democratic,TRUE,Correct
45,South Carolina,SC,2023,5212774,40.1,3243703,1318630,368900,173811,49768,13814,22182,6450,7195,2748,16288,6528,89723,16823,3642,66818,37993,5072217,719720,3610374,511825,104352,227684,150985,334055,126696,37046,26264,507488,128573,259655,207907,367780,194531,28843,20993,2024,3,62.22604318,25.29612832,7.076846224,3.334328325,0.954731588,0.265002856,0.425531588,0.123734503,0.138026318,0.052716653,0.312463191,0.125230827,1.721214079,0.322726441,0.069866831,14.18945601,3234677,1136208,89.59395896,31.47064542,SOUTH CAROLINA,1028452,1483747,2512199,0.409383174,0.590616826,-18.12336523,Republican,40.93831739,59.06168261,44.07339125,55.92660875,-3.135073864,3.135073864,-6.270147728,48.071359447566415,-7.1330420575664135,7.1330420575664135,50.88028899501129,Republican,Republican,TRUE,Correct
46,South Dakota,SD,2023,899194,37.7,721732,20149,41281,22841,3553,1284,650,77,2661,398,4343,307,12554,69514,606,72421,38880,869964,104511,596137,96303,18803,40896,34115,59654,16284,6304,4226,79410,18286,42507,38763,68618,22771,4254,3300,2024,2,80.26432561,2.240784525,4.590889174,2.540163747,0.39513164,0.142794547,0.072286959,0.008563224,0.29593169,0.044261861,0.482988098,0.034141687,1.396139209,7.73070105,0.067393688,12.01325572,554494,185411,93.01452518,31.10207888,SOUTH DAKOTA,146859,272081,418940,0.350549005,0.649450995,-29.89019907,Republican,35.05490046,64.94509954,36.56522014,63.43477986,-1.510319675,1.510319675,-3.02063935,39.05126450302793,-3.9963640430279312,3.9963640430279312,15.970925564406553,Republican,Republican,TRUE,Correct
47,Tennessee,TN,2023,6986082,38.9,4994428,1108897,496457,266199,40114,18101,33516,9982,18616,3026,40568,5425,129226,17288,5037,67097,37866,6825291,940092,4805533,767982,146166,307458,153338,427546,155706,49898,38013,740310,168824,339490,221967,486013,230307,41007,32011,2024,3.3,71.49111619,15.87294567,7.106372356,3.810419059,0.574198814,0.259100881,0.479753888,0.142884094,0.266472681,0.043314693,0.58069745,0.077654399,1.849763573,0.247463457,0.072100499,13.77365449,4306036,1460501,89.60579399,30.39207097,TENNESSEE,1056265,1966865,3023130,0.349394502,0.650605498,-30.12109965,Republican,34.93945017,65.06054983,38.17222963,61.82777037,-3.232779455,3.232779455,-6.465558911,41.32076118091045,-6.381311010910451,6.381311010910451,40.721130217966966,Republican,Republican,TRUE,Correct
48,Texas,TX,2023,29640343,35.5,11832668,3626137,11697134,9543153,249182,125282,215924,99839,368408,35855,133704,34417,1581798,190706,29841,76292,39446,29016925,4005417,19294631,2393609,589926,1334976,684399,1946196,773116,197200,146658,2298099,661605,1379987,810336,2132734,918897,156963,110207,2024,3.9,39.92082008,12.23378893,39.46355816,32.19649989,0.840685278,0.422673921,0.728480099,0.336834834,1.242927587,0.120966886,0.451087897,0.11611539,5.336638648,0.643400112,0.100676973,13.80372662,16534908,6381971,85.69693818,33.07640867,TEXAS,4835250,6393597,11228847,0.430609661,0.569390339,-13.8780678,Republican,43.0609661,56.9390339,47.16927876,52.83072124,-4.108312664,4.108312664,-8.216625328,51.86826950984679,-8.807303409846789,8.807303409846789,77.56859335309888,Republican,Democratic,FALSE,Predicted D / Actual R
49,Utah,UT,2023,3331187,31.7,2521945,37772,513013,353485,13562,3433,4345,13207,15433,1558,12055,3828,78887,33869,31483,91750,39240,3278204,280516,2003084,225786,70993,159360,88699,238751,102620,25001,20747,224000,85378,166108,108603,247488,82069,12788,10091,2024,2.6,75.7070978,1.133890112,15.40030626,10.61138267,0.407122146,0.103056358,0.130433986,0.396465284,0.463288311,0.046770115,0.361883016,0.114913993,2.368134842,1.016724669,0.945098549,8.557002554,1868482,739555,93.28026184,36.9208181,UTAH,562566,883818,1446384,0.388946504,0.611053496,-22.21069923,Republican,38.89465038,61.10534962,39.30639488,60.69360512,-0.411744495,0.411744495,-0.82348899,43.995795517595646,-5.101145137595644,5.101145137595644,26.02168171481568,Republican,Republican,TRUE,Correct
51,Virginia,VA,2023,8657499,38.8,5109807,1623031,929140,210118,118589,23928,56497,11927,184195,11812,63143,17819,593606,27216,5679,90974,49217,8413302,834866,5958915,734310,171039,345414,197715,650822,367011,88852,69526,689392,191229,376400,265600,739294,431437,71740,52948,2024,2.9,59.02174519,18.74711161,10.73219876,2.427005767,1.369783583,0.27638467,0.652578764,0.13776496,2.127577491,0.136436631,0.729344583,0.205821566,6.856552914,0.314363305,0.065596311,9.923166909,5442729,2471630,91.33758411,41.47785293,VIRGINIA,2333778,2074097,4407875,0.529456484,0.470543516,5.891296827,Democratic,52.94564841,47.05435159,55.154687,44.845313,-2.209038586,2.209038586,-4.418077172,60.55914598955416,-7.6134975795541635,7.6134975795541635,57.96534539387711,Democratic,Democratic,TRUE,Correct
50,Vermont,VT,2023,645254,43,584421,7887,16058,4083,3210,975,77,373,240,184,390,729,10700,1273,120,78024,44365,622390,63902,462996,69376,11447,24580,17959,53684,22291,6754,5403,56803,12738,25815,21583,60533,38175,5824,4705,2024,2,90.57223977,1.222309354,2.488632384,0.63277407,0.497478512,0.151103286,0.011933285,0.057806693,0.037194655,0.028515902,0.060441315,0.112978765,1.658261708,0.19728665,0.018597328,10.26719581,437670,197369,94.52997434,42.62866202,VERMONT,235791,119395,355186,0.663852179,0.336147821,32.77043577,Democratic,66.38521789,33.61478211,68.29918655,31.70081345,-1.913968667,1.913968667,-3.827937334,71.01942501776622,-4.634207127766217,4.634207127766217,21.47587570303921,Democratic,Democratic,TRUE,Correct
53,Washington,WA,2023,7740984,38.2,4975929,306214,1089609,828306,43372,12656,12256,4983,27739,4080,23442,4712,727603,90212,54406,94952,51493,7606327,753455,5409147,620736,190713,381756,251147,627142,276538,68078,55129,555667,208840,390389,291204,652554,317954,58418,41341,2024,4.1,64.2803163,3.955750328,14.07584617,10.70026756,0.560290526,0.163493427,0.158326125,0.064371661,0.358339457,0.052706478,0.302829718,0.060870814,9.399360598,1.165381559,0.702830545,9.905635138,4987606,2097154,92.20688585,38.77051225,WASHINGTON,2245849,1530923,3776772,0.594647757,0.405352243,18.92955148,Democratic,59.46477574,40.53522426,59.92550318,40.07449682,-0.460727445,0.460727445,-0.92145489,65.40247431951002,-5.93769857951002,5.93769857951002,35.256264421115304,Democratic,Democratic,TRUE,Correct
55,Wisconsin,WI,2023,5892023,40.1,4664403,361890,457687,315251,66610,6581,3729,3232,3004,5497,5795,4555,169891,43336,2229,75670,42019,5757334,609003,4069583,634249,133686,268833,213346,410255,135111,40884,30423,573158,136339,264994,242419,469652,193013,28927,24863,2024,3,79.16471134,6.14203305,7.767909256,5.350471307,1.130511541,0.111693386,0.063288959,0.054853825,0.050984187,0.09329563,0.098353316,0.077307913,2.883406938,0.735502899,0.03783081,10.57786469,3800152,1333128,93.37939538,32.75834404,WISCONSIN,1668229,1697626,3365855,0.495633056,0.504366944,-0.873388782,Republican,49.56330561,50.43669439,50.31906327,49.68093673,-0.755757658,0.755757658,-1.511515315,52.99938408323863,-3.4360784732386307,3.4360784732386307,11.80663527425392,Republican,Democratic,FALSE,Predicted D / Actual R
54,West Virginia,WV,2023,1784462,42.7,1609499,58519,36125,13104,6198,1451,628,350,2279,243,1153,918,13434,1532,513,57917,32949,1728580,287660,1269202,264362,36362,71396,41345,80449,33265,10830,8384,236756,41098,74894,62894,95437,53605,7591,5980,2024,3.9,90.19519609,3.279363752,2.024419685,0.734338977,0.347331577,0.081313023,0.03519268,0.019613755,0.127713563,0.01361755,0.064613312,0.051444077,0.752831946,0.085852206,0.028748161,16.64140508,1124648,295541,88.61063881,23.28557629,WEST VIRGINIA,214309,533556,747865,0.286561077,0.713438923,-42.68778456,Republican,28.65610772,71.34389228,30.20146769,69.79853231,-1.545359966,1.545359966,-3.090719932,32.00556528056018,-3.3494575605601753,3.3494575605601753,11.21886594999372,Republican,Republican,TRUE,Correct
56,Wyoming,WY,2023,579761,38.8,476179,4982,60581,44170,1631,383,21,561,316,92,877,41,4792,11927,499,74815,41006,565918,60704,395504,61690,15712,32572,20888,34639,14975,4173,3235,48195,17485,31319,25805,39716,17317,2369,1912,2024,2.9,82.13367232,0.859319616,10.44930583,7.618656653,0.281322821,0.066061705,0.003622182,0.096764011,0.054505219,0.015868608,0.15126923,0.00707188,0.826547491,2.05722703,0.08606995,10.72664238,372002,118336,94.05770865,29.92030422,WYOMING,69527,192633,262160,0.26520827,0.73479173,-46.95834605,Republican,26.52082698,73.47917302,27.51956562,72.48043438,-0.998738649,0.998738649,-1.997477297,32.85536723929961,-6.334540259299612,6.334540259299612,40.12640029668759,Republican,Republican,TRUE,Correct
