GEOID,NAME,state_po,acs_year,election_year,population,median_age,white_nonhispanic,black_nonhispanic,hispanic,asian,native_american,native_hawaiian_pacific,median_household_income,per_capita_income,poverty_universe,below_poverty,unemployment_rate,white_nonhispanic_pct,black_pct,hispanic_pct,asian_pct,native_american_pct,native_hawaiian_pacific_pct,poverty_pct,hs_or_higher,bachelors_or_higher,hs_or_higher_pct,bachelors_or_higher_pct,state,state_po.y,dem_votes,rep_votes,two_party_votes,dem_share,rep_share,dem_margin,winner_party,dem_pct,rep_pct,previous_dem_pct,previous_rep_pct,dem_shift,rep_shift,margin_shift,predicted_dem_pct,prediction_error,absolute_error,actual_winner,predicted_winner,winner_correct
2,Alaska,AK,2023,2024,733971,35.6,428104,22774,52473,47099,101226,11379,89336,44928,716703,72978,4.2,58.32710012,3.102847388,7.149192543,6.417011026,13.79155307,1.550333733,10.18246052,456049,152432,93.47124326,31.24227562,ALASKA,AK,140026,184458,324484,0.431534375,0.568465625,-13.69312508,Republican,43.15343746,56.84656254,44.73815128,55.26184872,-1.584713819,1.584713819,-3.169427637,46.69258393429421,-3.5391464742942134,3.5391464742942134,Republican,Republican,TRUE
1,Alabama,AL,2023,2024,5054253,39.3,3225652,1318507,271640,71969,22491,2564,62027,34835,4913932,768185,2.5,63.82054875,26.08707953,5.374483628,1.42392951,0.444991574,0.050729554,15.63279671,3038921,957081,88.12804099,27.75513862,ALABAMA,AL,772412,1462616,2235028,0.345593881,0.654406119,-30.88122386,Republican,34.55938807,65.44061193,37.08862517,62.91137483,-2.529237096,2.529237096,-5.058474193,40.41640567410293,-5.857017604102936,5.857017604102936,Republican,Republican,TRUE
5,Arkansas,AR,2023,2024,3032651,38.4,2073216,452127,265833,47309,16893,12040,58773,33147,2944742,471783,3.3,68.36315817,14.90863934,8.765697075,1.559988274,0.557037391,0.397012383,16.02119982,1809922,513221,88.55761802,25.11137457,ARKANSAS,AR,396905,759241,1156146,0.343300068,0.656699932,-31.33998647,Republican,34.33000676,65.66999324,35.78756672,64.21243328,-1.457559958,1.457559958,-2.915119916,36.68900255098054,-2.3589957909805364,2.3589957909805364,Republican,Republican,TRUE
4,Arizona,AZ,2023,2024,7268175,38.8,3878932,336931,2255770,249816,296794,14434,76872,40736,7109159,907125,3.9,53.36872048,4.63570291,31.03626426,3.437121423,4.083473499,0.198591806,12.75994812,4446105,1627462,89.08899933,32.6103322,ARIZONA,AZ,1582860,1770242,3353102,0.47205841,0.52794159,-5.588317922,Republican,47.20584104,52.79415896,50.15683168,49.84316832,-2.95099064,2.95099064,-5.90198128,53.85421778829779,-6.648376748297785,6.648376748297785,Republican,Democratic,FALSE
6,California,CA,2023,2024,39242785,37.6,13573226,2173343,15630830,5997069,445219,147827,96334,47977,38529452,4610600,4.8,34.58782551,5.538197658,39.83109252,15.28196584,1.134524474,0.376698545,11.96643025,22792052,9834361,84.59925205,36.50305751,CALIFORNIA,CA,9276179,6081697,15357876,0.604001426,0.395998574,20.80028514,Democratic,60.40014257,39.59985743,64.90891136,35.09108864,-4.508768789,4.508768789,-9.017537578,63.91990266365332,-3.5197600936533178,3.5197600936533178,Democratic,Democratic,TRUE
8,Colorado,CO,2023,2024,5810774,37.5,3814910,232985,1291078,187534,58576,8647,92470,50489,5693064,534188,3.2,65.65235543,4.009534702,22.21869238,3.227349747,1.008058479,0.14880978,9.383137095,3746088,1806355,92.75860993,44.72798793,COLORADO,CO,1728159,1377441,3105600,0.556465417,0.443534583,11.29308346,Democratic,55.64654173,44.35345827,56.93831949,43.06168051,-1.291777761,1.291777761,-2.583555522,65.34750251559817,-9.700960785598163,9.700960785598163,Democratic,Democratic,TRUE
9,Connecticut,CT,2023,2024,3598348,41.2,2265780,384753,640668,170954,9569,1806,93760,54409,3510193,351948,3.8,62.96722829,10.69249,17.80450362,4.750902359,0.265927587,0.050189698,10.02645723,2313304,1062403,91.3319486,41.9449135,CONNECTICUT,CT,992053,736918,1728971,0.573782325,0.426217675,14.75646497,Democratic,57.37823249,42.62176751,60.19504909,39.80495091,-2.816816602,2.816816602,-5.633633204,67.49859286761301,-10.12036037761301,10.12036037761301,Democratic,Democratic,TRUE
10,Delaware,DE,2023,2024,1005872,41.5,593548,220645,107829,41164,3744,403,82855,44219,981264,105246,4,59.00830324,21.93569361,10.71995244,4.092369606,0.372214357,0.04006474,10.72555398,649298,250626,91.39352685,35.27747515,DELAWARE,DE,289758,215265,505023,0.573752087,0.426247913,14.75041731,Democratic,57.37520865,42.62479135,59.62674416,40.37325584,-2.251535511,2.251535511,-4.503071022,58.80008161600013,-1.4248729660001302,1.4248729660001302,Democratic,Democratic,TRUE
12,Florida,FL,2023,2024,21928881,42.6,11266583,3363769,5865737,628137,66779,13136,71711,41055,21459978,2707698,2.9,51.37782908,15.33944664,26.74891163,2.864427966,0.304525343,0.059902737,12.61743139,14206862,5263931,89.6315079,33.21029464,FLORIDA,FL,4683038,6110125,10793163,0.433889306,0.566110694,-13.22213887,Republican,43.38893057,56.61106943,48.30524534,51.69475466,-4.916314771,4.916314771,-9.832629543,58.32730355574087,-14.93837298574087,14.93837298574087,Republican,Democratic,FALSE
13,Georgia,GA,2023,2024,10822590,37.4,5394071,3391689,1158299,472915,42058,7338,74664,39525,10560625,1423159,3.2,49.8408514,31.33897708,10.70260446,4.369702631,0.388613077,0.067802624,13.47608688,6451736,2480907,88.95191822,34.20497004,GEORGIA,GA,2548017,2663117,5211134,0.488956338,0.511043662,-2.208732303,Republican,48.89563385,51.10436615,50.11932966,49.88067034,-1.223695814,1.223695814,-2.447391629,52.141386050828466,-3.2457522008284627,3.2457522008284627,Republican,Democratic,FALSE
15,Hawaii,HI,2023,2024,1445635,40.6,305329,27740,142225,538807,3835,149030,98317,44823,1409460,140461,3,21.12075316,1.918879939,9.838237176,37.27130292,0.265281347,10.30896457,9.965589658,954401,364398,92.89921361,35.46966908,HAWAII,HI,313044,193661,506705,0.617803258,0.382196742,23.56065166,Democratic,61.78032583,38.21967417,65.03266465,34.96733535,-3.252338816,3.252338816,-6.504677632,71.28527287600978,-9.504947046009782,9.504947046009782,Democratic,Democratic,TRUE
19,Iowa,IA,2023,2024,3195937,38.6,2654679,123234,223471,78267,10998,4396,73147,39728,3096878,340362,2.9,83.06418431,3.855958362,6.992346845,2.448953155,0.34412443,0.137549645,10.99048784,1995357,660619,93.22024634,30.86318183,IOWA,IA,707278,927019,1634297,0.432772011,0.567227989,-13.44559771,Republican,43.27720115,56.72279885,45.81673692,54.18326308,-2.53953577,2.53953577,-5.07907154,40.46596667164827,2.811234478351736,2.811234478351736,Republican,Republican,TRUE
16,Idaho,ID,2023,2024,1893296,37.1,1502167,14108,252466,24979,21532,3098,74636,37169,1843325,196060,3.1,79.34137082,0.745155538,13.33473477,1.319339395,1.137275946,0.163629987,10.63621445,1140749,388032,91.67657168,31.18428634,IDAHO,ID,274972,605246,880218,0.312390794,0.687609206,-37.52184118,Republican,31.23907941,68.76092059,34.12285707,65.87714293,-2.883777665,2.883777665,-5.76755533,40.28717625837429,-9.04809684837429,9.04809684837429,Republican,Republican,TRUE
17,Illinois,IL,2023,2024,12692653,38.9,7456575,1750414,2348118,738308,66990,5514,81702,45104,12410718,1454217,4.5,58.74717445,13.79076541,18.49982033,5.816813869,0.527785641,0.043442454,11.71742844,7887284,3249494,90.25790953,37.18549192,ILLINOIS,IL,3062863,2449079,5511942,0.555677654,0.444322346,11.13553082,Democratic,55.56776541,44.43223459,58.65904373,41.34095627,-3.091278325,3.091278325,-6.182556649,60.19982461175014,-4.632059201750138,4.632059201750138,Democratic,Democratic,TRUE
18,Indiana,IN,2023,2024,6811752,38,5184070,630680,569410,172936,17208,2345,70051,37178,6616834,807582,3.3,76.10479653,9.258704662,8.359229755,2.538788846,0.252622233,0.034425798,12.20496086,4113653,1313086,90.22545985,28.80014143,INDIANA,IN,1163603,1720347,2883950,0.403475442,0.596524558,-19.30491167,Republican,40.34754417,59.65245583,41.80495199,58.19504801,-1.457407826,1.457407826,-2.914815651,38.90166410285323,1.445880067146767,1.445880067146767,Republican,Republican,TRUE
20,Kansas,KS,2023,2024,2937569,37.2,2155363,159829,389514,86212,21898,2586,72639,39638,2850379,328475,2.7,73.37233611,5.440859432,13.2597396,2.934807659,0.74544632,0.088031975,11.52390612,1776698,679664,91.90008964,35.1557679,KANSAS,KS,544853,758802,1303655,0.417942631,0.582057369,-16.41147389,Republican,41.79426305,58.20573695,42.50657174,57.49342826,-0.712308692,0.712308692,-1.424617383,48.069210334518516,-6.274947284518518,6.274947284518518,Republican,Republican,TRUE
21,Kentucky,KY,2023,2024,4510725,39.1,3712826,355237,212163,68482,7610,3737,62417,34960,4382816,707480,4.2,82.31106973,7.875385886,4.70352327,1.518203836,0.168709021,0.082846992,16.14213328,2725191,830856,88.53320347,26.99199553,KENTUCKY,KY,704043,1337494,2041537,0.34485929,0.65514071,-31.02814203,Republican,34.48592898,65.51407102,36.7998971,63.2001029,-2.313968116,2.313968116,-4.627936232,38.85364760253002,-4.36771862253002,4.36771862253002,Republican,Republican,TRUE
22,Louisiana,LA,2023,2024,4621025,37.8,2598789,1434953,321022,79925,27605,2884,60023,34211,4494539,848769,3.7,56.23836703,31.05269935,6.94698687,1.729594625,0.597378287,0.062410396,18.88445066,2702854,825794,86.90139133,26.55069329,LOUISIANA,LA,766870,1208505,1975375,0.388214896,0.611785104,-22.35702082,Republican,38.82148959,61.17851041,40.53555954,59.46444046,-1.714069953,1.714069953,-3.428139906,40.92397348451819,-2.102483894518194,2.102483894518194,Republican,Republican,TRUE
25,Massachusetts,MA,2023,2024,6992395,40,4738848,489390,904679,494890,16406,2593,101341,56284,6777241,676516,3.4,67.77145742,6.998889508,12.93804197,7.077546391,0.234626333,0.037083145,9.982174162,4520421,2305899,91.40232892,46.62498003,MASSACHUSETTS,MA,2126518,1251303,3377821,0.629553194,0.370446806,25.91063884,Democratic,62.95531942,37.04468058,67.11554954,32.88445046,-4.16023012,4.16023012,-8.320460239,71.16583002373937,-8.210510603739372,8.210510603739372,Democratic,Democratic,TRUE
24,Maryland,MD,2023,2024,6170738,39.3,2923706,1825880,744272,398305,23158,2556,101652,51689,6042502,564966,2.1,47.38016749,29.58932951,12.0613126,6.454738477,0.375287364,0.041421302,9.349868647,3890112,1826045,91.04334779,42.73636595,MARYLAND,MD,1902577,1035550,2938127,0.64754757,0.35245243,29.50951405,Democratic,64.75475703,35.24524297,67.02904705,32.97095295,-2.27429002,2.27429002,-4.54858004,64.333578174213,0.4211788557869909,0.4211788557869909,Democratic,Democratic,TRUE
23,Maine,ME,2023,2024,1377400,44.8,1248450,23145,28609,15318,6237,276,71773,42035,1338071,144263,2.9,90.63815885,1.680339771,2.0770291849999998,1.112095252,0.452809641,0.020037752,10.78141593,960599,359323,94.48855532,35.34452062,MAINE,ME,435652,377977,813629,0.535443058,0.464556942,7.08861164,Democratic,53.54430582,46.45569418,54.67040458,45.32959542,-1.126098762,1.126098762,-2.252197524,55.53621489022064,-1.9919090702206432,1.9919090702206432,Democratic,Democratic,TRUE
26,Michigan,MI,2023,2024,10051595,40.1,7333936,1346689,576808,329676,46010,2670,71149,39538,9842260,1284470,3.9,72.96290788,13.39776424,5.738472352,3.279837678,0.457738299,0.026562948,13.05055953,6402550,2213104,91.89227281,31.76346245,MICHIGAN,MI,2736533,2816636,5553169,0.492787632,0.507212368,-1.442473658,Republican,49.27876317,50.72123683,51.41355934,48.58644066,-2.134796173,2.134796173,-4.269592347,48.98847192526183,0.2902912447381709,0.2902912447381709,Republican,Republican,TRUE
27,Minnesota,MN,2023,2024,5713716,38.6,4383717,388789,353608,289148,50833,2376,87556,46957,5591806,514300,2.8,76.72269675,6.804485907,6.188757019,5.060594541,0.8896662,0.041584146,9.197386318,3657954,1513374,93.85168784,38.82845553,MINNESOTA,MN,1656979,1519032,3176011,0.521717022,0.478282978,4.343404352,Democratic,52.17170218,47.82829782,53.63951365,46.36048635,-1.467811472,1.467811472,-2.935622945,53.7760646818171,-1.6043625018171,1.6043625018171,Democratic,Democratic,TRUE
29,Missouri,MO,2023,2024,6168181,38.9,4737581,686616,311924,127846,16830,9681,68920,38497,5994199,756528,3,76.80677658,11.13157996,5.056985195,2.072669398,0.272851915,0.156950647,12.62100241,3862700,1345230,91.58891003,31.8968984,MISSOURI,MO,1200599,1751986,2952585,0.406626397,0.593373603,-18.67472063,Republican,40.66263969,59.33736031,42.16417936,57.83582064,-1.501539669,1.501539669,-3.003079337,44.79932331051853,-4.136683620518532,4.136683620518532,Republican,Republican,TRUE
28,Mississippi,MS,2023,2024,2951438,38.4,1636190,1090777,106126,28918,13181,1411,54915,30529,2851847,543697,3.2,55.43704459,36.95747632,3.595738755,0.979793579,0.446595863,0.047807204,19.06473243,1707032,475997,86.63826487,24.15862981,MISSISSIPPI,MS,466668,747744,1214412,0.384274859,0.615725141,-23.14502821,Republican,38.42748589,61.57251411,41.61501417,58.38498583,-3.187528278,3.187528278,-6.375056556,36.959031174482696,1.4684547155173036,1.4684547155173036,Republican,Republican,TRUE
30,Montana,MT,2023,2024,1105072,40.2,929206,6015,48519,9197,63108,485,69922,39842,1079200,129998,2.9,84.08556185,0.544308425,4.390573646,0.832253464,5.710759118,0.043888543,12.04577465,728513,266066,94.57093343,34.53899927,MONTANA,MT,231906,352079,583985,0.397109515,0.602890485,-20.57809704,Republican,39.71095148,60.28904852,41.60281991,58.39718009,-1.891868428,1.891868428,-3.783736856,50.07140755188589,-10.360456071885892,10.360456071885892,Republican,Democratic,FALSE
37,North Carolina,NC,2023,2024,10584340,39.1,6419285,2178329,1158750,333844,110873,6153,69904,39616,10297193,1355827,3.5,60.64889261,20.58067863,10.94777757,3.154131481,1.04751926,0.058133053,13.16695725,6517229,2521353,89.74661964,34.7207239,NORTH CAROLINA,NC,2715375,2898423,5613798,0.483696599,0.516303401,-3.260680203,Republican,48.3696599,51.6303401,49.31581747,50.68418253,-0.946157568,0.946157568,-1.892315136,54.6662378515978,-6.296577951597797,6.296577951597797,Republican,Democratic,FALSE
38,North Dakota,ND,2023,2024,779361,35.7,643154,25209,34963,12187,34916,1127,75949,42474,752523,79628,1.9,82.52324661,3.234572939,4.486111058,1.563716942,4.480080476,0.144605645,10.5814706,477731,164378,93.82931126,32.28485178,NORTH DAKOTA,ND,112327,246505,358832,0.313035069,0.686964931,-37.39298613,Republican,31.30350693,68.69649307,32.78259158,67.21740842,-1.479084643,1.479084643,-2.958169287,36.60598377734476,-5.30247684734476,5.30247684734476,Republican,Republican,TRUE
31,Nebraska,NE,2023,2024,1965926,37.1,1498458,93595,242226,49107,19581,933,74985,40637,1916409,197300,2.3,76.22148545,4.760860785,12.32121657,2.497906839,0.996019179,0.047458551,10.29529709,1188000,440234,92.07475106,34.11989559,NEBRASKA,NE,369995,564816,934811,0.395796583,0.604203417,-20.8406833,Republican,39.57965835,60.42034165,40.21594775,59.78405225,-0.636289405,0.636289405,-1.272578811,44.06839253621417,-4.488734186214167,4.488734186214167,Republican,Republican,TRUE
33,New Hampshire,NH,2023,2024,1387834,43.2,1214784,21164,62758,35818,1923,283,95628,50867,1347951,96457,2.2,87.53092949,1.524966242,4.522010557,2.580856212,0.13856124,0.020391488,7.155823913,949225,401838,94.05512365,39.81661121,NEW HAMPSHIRE,NH,418488,395523,814011,0.514106075,0.485893925,2.821214947,Democratic,51.41060747,48.58939253,53.74834772,46.25165228,-2.337740248,2.337740248,-4.675480496,56.79872474175454,-5.388117271754538,5.388117271754538,Democratic,Democratic,TRUE
34,New Jersey,NJ,2023,2024,9267014,40.1,4813341,1201053,2032968,918644,41900,2658,101050,53118,9101339,889287,4.4,51.94058194,12.96051781,21.93768133,9.913052899,0.452141326,0.028682378,9.77094689,5858484,2771686,90.69955815,42.91053719,NEW JERSEY,NJ,2220713,1968215,4188928,0.530138737,0.469861263,6.027747433,Democratic,53.01387372,46.98612628,58.07128359,41.92871641,-5.05740987,5.05740987,-10.11481974,71.11813959440033,-18.104265874400333,18.104265874400333,Democratic,Democratic,TRUE
35,New Mexico,NM,2023,2024,2114768,39.2,772482,44709,1018321,36065,201346,2049,62125,34823,2073857,375381,3.8,36.52797848,2.114132614,48.15284703,1.705388014,9.520949816,0.096890061,18.10062121,1272853,438228,87.72252772,30.20181268,NEW MEXICO,NM,478802,423391,902193,0.530709061,0.469290939,6.141812229,Democratic,53.07090611,46.92909389,55.51849015,44.48150985,-2.447584037,2.447584037,-4.895168075,57.1550168169648,-4.0841107069648,4.0841107069648,Democratic,Democratic,TRUE
32,Nevada,NV,2023,2024,3141000,38.9,1443407,295802,917057,274032,41434,22581,75561,39963,3100449,390414,5.1,45.95374085,9.417446673,29.19633875,8.724355301,1.319134034,0.718911175,12.59217617,1918692,601393,87.36890852,27.38482779,NEVADA,NV,705197,751205,1456402,0.48420491,0.51579509,-3.159017909,Republican,48.42049105,51.57950895,51.22311734,48.77688266,-2.802626294,2.802626294,-5.605252589,50.03720549412511,-1.6167144441251082,1.6167144441251082,Republican,Democratic,FALSE
36,New York,NY,2023,2024,19872319,39.6,10608842,2927008,3898652,1769224,102927,9671,84578,49520,19391750,2656674,4.2,53.38502265,14.72907113,19.61850552,8.902956922,0.517941565,0.048665684,13.70002192,12297601,5535503,87.86424512,39.55021735,NEW YORK,NY,4619195,3578899,8198094,0.563447431,0.436552569,12.68948612,Democratic,56.34474306,43.65525694,61.71683489,38.28316511,-5.372091834,5.372091834,-10.74418367,65.96411183501874,-9.619368775018742,9.619368775018742,Democratic,Democratic,TRUE
39,Ohio,OH,2023,2024,11780046,39.6,9011101,1446466,537559,288117,17151,4229,69680,39455,11478861,1519610,3.5,76.4946164,12.27895035,4.563301366,2.44580539,0.145593659,0.03589969,13.23833436,7442790,2514129,91.62224325,30.94943412,OHIO,OH,2533699,3180116,5713815,0.443433853,0.556566147,-11.31322943,Republican,44.34338529,55.65661471,45.92330235,54.07669765,-1.579917066,1.579917066,-3.159834132,45.182201807163466,-0.8388165171634654,0.8388165171634654,Republican,Republican,TRUE
40,Oklahoma,OK,2023,2024,3995260,36.9,2509923,282536,490797,93550,295365,7706,63603,34859,3872738,593820,3.2,62.82251969,7.071780059,12.28448211,2.341524707,7.392885569,0.192878561,15.33333781,2354247,733793,89.13128827,27.78124615,OKLAHOMA,OK,499599,1036213,1535812,0.325299581,0.674700419,-34.94008381,Republican,32.52995809,67.47004191,33.0599605,66.9400395,-0.530002409,0.530002409,-1.060004819,41.22041350409159,-8.690455414091588,8.690455414091588,Republican,Republican,TRUE
41,Oregon,OR,2023,2024,4238714,40.1,3065611,81642,605467,188624,46276,16973,80426,44063,4159818,494736,3.7,72.32408226,1.926103059,14.2842145,4.450028947,1.091746223,0.400428054,11.89321264,2770789,1094312,91.71730646,36.22338225,OREGON,OR,1240600,919480,2160080,0.57433058,0.42566942,14.86611607,Democratic,57.43305803,42.56694197,58.30715699,41.69284301,-0.874098951,0.874098951,-1.748197901,56.18389447274027,1.2491635572597275,1.2491635572597275,Democratic,Democratic,TRUE
42,Pennsylvania,PA,2023,2024,12986518,40.9,9585453,1393616,1087732,480439,23921,4614,76081,43104,12575248,1480981,3.4,73.81080132,10.73125221,8.375855637,3.699521304,0.184198721,0.035529154,11.77695263,8412410,3157318,91.90730706,34.49434763,PENNSYLVANIA,PA,3423042,3543308,6966350,0.491368077,0.508631923,-1.726384692,Republican,49.13680765,50.86319235,50.58920526,49.41079474,-1.452397605,1.452397605,-2.904795211,52.88657450347571,-3.7497668534757054,3.7497668534757054,Republican,Democratic,FALSE
44,Rhode Island,RI,2023,2024,1095371,40.5,756498,63862,187503,38149,4855,670,86372,45919,1053498,114890,3,69.06317586,5.830170782,17.11776193,3.482746941,0.443228824,0.061166491,10.90557362,694829,289667,89.48158737,37.30394524,RHODE ISLAND,RI,285156,214406,499562,0.570812031,0.429187969,14.16240627,Democratic,57.08120313,42.91879687,60.59935988,39.40064012,-3.51815675,3.51815675,-7.0363135,56.45001647352308,0.6311866564769204,0.6311866564769204,Democratic,Democratic,TRUE
45,South Carolina,SC,2023,2024,5212774,40.1,3243703,1318630,368900,89723,16823,3642,66818,37993,5072217,719720,3,62.22604318,25.29612832,7.076846224,1.721214079,0.322726441,0.069866831,14.18945601,3234677,1136208,89.59395896,31.47064542,SOUTH CAROLINA,SC,1028452,1483747,2512199,0.409383174,0.590616826,-18.12336523,Republican,40.93831739,59.06168261,44.07339125,55.92660875,-3.135073864,3.135073864,-6.270147728,48.918026680077055,-7.979709290077054,7.979709290077054,Republican,Republican,TRUE
46,South Dakota,SD,2023,2024,899194,37.7,721732,20149,41281,12554,69514,606,72421,38880,869964,104511,2,80.26432561,2.240784525,4.590889174,1.396139209,7.73070105,0.067393688,12.01325572,554494,185411,93.01452518,31.10207888,SOUTH DAKOTA,SD,146859,272081,418940,0.350549005,0.649450995,-29.89019907,Republican,35.05490046,64.94509954,36.56522014,63.43477986,-1.510319675,1.510319675,-3.02063935,39.27864435104172,-4.223743891041721,4.223743891041721,Republican,Republican,TRUE
47,Tennessee,TN,2023,2024,6986082,38.9,4994428,1108897,496457,129226,17288,5037,67097,37866,6825291,940092,3.3,71.49111619,15.87294567,7.106372356,1.849763573,0.247463457,0.072100499,13.77365449,4306036,1460501,89.60579399,30.39207097,TENNESSEE,TN,1056265,1966865,3023130,0.349394502,0.650605498,-30.12109965,Republican,34.93945017,65.06054983,38.17222963,61.82777037,-3.232779455,3.232779455,-6.465558911,44.09612108587846,-9.156670915878458,9.156670915878458,Republican,Republican,TRUE
48,Texas,TX,2023,2024,29640343,35.5,11832668,3626137,11697134,1581798,190706,29841,76292,39446,29016925,4005417,3.9,39.92082008,12.23378893,39.46355816,5.336638648,0.643400112,0.100676973,13.80372662,16534908,6381971,85.69693818,33.07640867,TEXAS,TX,4835250,6393597,11228847,0.430609661,0.569390339,-13.8780678,Republican,43.0609661,56.9390339,47.16927876,52.83072124,-4.108312664,4.108312664,-8.216625328,52.680451379719365,-9.619485279719363,9.619485279719363,Republican,Democratic,FALSE
49,Utah,UT,2023,2024,3331187,31.7,2521945,37772,513013,78887,33869,31483,91750,39240,3278204,280516,2.6,75.7070978,1.133890112,15.40030626,2.368134842,1.016724669,0.945098549,8.557002554,1868482,739555,93.28026184,36.9208181,UTAH,UT,562566,883818,1446384,0.388946504,0.611053496,-22.21069923,Republican,38.89465038,61.10534962,39.30639488,60.69360512,-0.411744495,0.411744495,-0.82348899,39.67586640215345,-0.7812160221534512,0.7812160221534512,Republican,Republican,TRUE
51,Virginia,VA,2023,2024,8657499,38.8,5109807,1623031,929140,593606,27216,5679,90974,49217,8413302,834866,2.9,59.02174519,18.74711161,10.73219876,6.856552914,0.314363305,0.065596311,9.923166909,5442729,2471630,91.33758411,41.47785293,VIRGINIA,VA,2333778,2074097,4407875,0.529456484,0.470543516,5.891296827,Democratic,52.94564841,47.05435159,55.154687,44.845313,-2.209038586,2.209038586,-4.418077172,62.40683572191314,-9.461187311913143,9.461187311913143,Democratic,Democratic,TRUE
50,Vermont,VT,2023,2024,645254,43,584421,7887,16058,10700,1273,120,78024,44365,622390,63902,2,90.57223977,1.222309354,2.488632384,1.658261708,0.19728665,0.018597328,10.26719581,437670,197369,94.52997434,42.62866202,VERMONT,VT,235791,119395,355186,0.663852179,0.336147821,32.77043577,Democratic,66.38521789,33.61478211,68.29918655,31.70081345,-1.913968667,1.913968667,-3.827937334,62.53779114879103,3.8474267412089773,3.8474267412089773,Democratic,Democratic,TRUE
53,Washington,WA,2023,2024,7740984,38.2,4975929,306214,1089609,727603,90212,54406,94952,51493,7606327,753455,4.1,64.2803163,3.955750328,14.07584617,9.399360598,1.165381559,0.702830545,9.905635138,4987606,2097154,92.20688585,38.77051225,WASHINGTON,WA,2245849,1530923,3776772,0.594647757,0.405352243,18.92955148,Democratic,59.46477574,40.53522426,59.92550318,40.07449682,-0.460727445,0.460727445,-0.92145489,59.24198168339949,0.2227940566005131,0.2227940566005131,Democratic,Democratic,TRUE
55,Wisconsin,WI,2023,2024,5892023,40.1,4664403,361890,457687,169891,43336,2229,75670,42019,5757334,609003,3,79.16471134,6.14203305,7.767909256,2.883406938,0.735502899,0.03783081,10.57786469,3800152,1333128,93.37939538,32.75834404,WISCONSIN,WI,1668229,1697626,3365855,0.495633056,0.504366944,-0.873388782,Republican,49.56330561,50.43669439,50.31906327,49.68093673,-0.755757658,0.755757658,-1.511515315,46.75768755897906,2.805618051020943,2.805618051020943,Republican,Republican,TRUE
54,West Virginia,WV,2023,2024,1784462,42.7,1609499,58519,36125,13434,1532,513,57917,32949,1728580,287660,3.9,90.19519609,3.279363752,2.024419685,0.752831946,0.085852206,0.028748161,16.64140508,1124648,295541,88.61063881,23.28557629,WEST VIRGINIA,WV,214309,533556,747865,0.286561077,0.713438923,-42.68778456,Republican,28.65610772,71.34389228,30.20146769,69.79853231,-1.545359966,1.545359966,-3.090719932,35.92909874595785,-7.27299102595785,7.27299102595785,Republican,Republican,TRUE
56,Wyoming,WY,2023,2024,579761,38.8,476179,4982,60581,4792,11927,499,74815,41006,565918,60704,2.9,82.13367232,0.859319616,10.44930583,0.826547491,2.05722703,0.08606995,10.72664238,372002,118336,94.05770865,29.92030422,WYOMING,WY,69527,192633,262160,0.26520827,0.73479173,-46.95834605,Republican,26.52082698,73.47917302,27.51956562,72.48043438,-0.998738649,0.998738649,-1.997477297,39.40684266778232,-12.886015687782322,12.886015687782322,Republican,Republican,TRUE
