state_po,counties,MAE,RMSE,mean_error
AK,30,7.5562021125695695,9.238092031039269,-1.011295056654106
AL,67,3.7255231725244795,4.358859734412949,-3.679525133016107
AR,75,1.8240022209993716,2.2242252733393997,-0.9798771344844652
AZ,15,3.129068790356114,3.4604569461798453,-3.129068790356114
CA,58,5.194809105192762,6.579399933755647,-4.663119820695994
CO,64,3.9408271967547712,4.828055101602753,-3.6246049942959333
CT,9,NA,NA,NA
DE,3,3.3176507403834257,3.7108472066299956,-3.3176507403834257
FL,67,5.29047753623967,6.218845827801567,-5.237604836445615
GA,159,3.30938098152193,4.2829492502326865,-3.204739037337952
HI,5,7.482144756733366,7.677927467039321,-7.482144756733366
IA,99,1.7870914188589413,2.5978511565841327,-0.39203565209699837
ID,44,2.721247206327419,3.3602755592396183,-2.3027470161408017
IL,102,1.9318976680311744,2.6747295057254794,0.08969140056209174
IN,92,1.8750624746493152,2.511856381468883,0.4434187225961335
KS,105,2.1947842368707944,2.9345381233886565,-1.8399993690371024
KY,120,1.448593086323219,2.028014481165362,-0.24673545691354778
LA,64,4.141304729032302,4.709019655122952,-4.095068627165393
MA,14,6.617456140378059,7.848516418125453,-6.6015473901913655
MD,24,6.2958743684970635,7.658231688516332,-6.2786940164168445
ME,16,1.497187481376359,1.7527546153786708,1.0409785050470037
MI,83,2.2423273321161217,2.752333813741645,1.0495039028962274
MN,87,1.7480100436388015,2.4964115565947975,-0.5948187159597242
MO,115,1.5025177043616775,2.0658046296999886,-0.11488397258034881
MS,82,3.7625851013170797,4.507257944193136,-3.7120219297972157
MT,56,2.572198511520451,3.2075076770170314,-2.2851312647849626
NC,100,2.5264428298577943,3.2720258587863142,-2.149057153372422
ND,53,2.803151564498733,3.2842126984836435,-2.5488003002626214
NE,93,2.2693531453943177,2.832251138263217,-1.973382369155999
NH,10,3.096232145327562,3.7543837921298855,-2.7181888187533416
NJ,21,10.089665160257558,11.224073742755124,-10.089665160257558
NM,33,3.4194646168641336,4.231204161401114,-3.0793383697693386
NV,17,2.429113030693622,3.1023409239586517,-1.8250757910140243
NY,62,3.7660839203988283,6.098699877332802,-2.713031918332818
OH,88,1.895602460705838,2.6913942494388143,-0.03575803470127763
OK,77,2.411144932790669,2.892397140239127,-2.322178618791307
OR,36,1.925052159258957,2.354925006502928,0.1814298878366324
PA,67,2.1509414408419842,2.9853963243026578,-0.21005324360773672
RI,5,5.843658364123783,6.12193602844126,-5.843658364123783
SC,46,4.9129452026566245,5.470621518800313,-4.9076399574824014
SD,66,2.830648057567757,3.512097189672516,-2.4240247845907557
TN,95,2.226848867961521,3.453279693491198,-1.7411657856940574
TX,254,5.358941072448203,6.094229188908388,-5.2623304313200805
UT,29,3.111498240544025,4.278518591271251,-2.3117595970954
VA,133,4.453336197535762,6.150197769038918,-3.8718458402388456
VT,14,1.086434072333745,1.4951988516241632,0.04861177417248947
WA,39,2.145696775870492,2.864683185752733,-0.12810802043777486
WI,72,2.1055871151125,2.529772478346401,1.0581437726670597
WV,55,1.5790000211717115,1.9924542619859493,0.5469113959550896
WY,23,3.251388256664064,3.9382488545686334,-3.251388256664064
